Core_Material,Size,Zeta_Potential,Tumor_Size,Tumor,Heart,Liver,Spleen,Lung,Kidney
Gold,TEM: 37.5,-18,100 mm3=0.1 cm3,1.64,0.4174,29.03,2.76,0.27,1.07
,,,,2.06,0.3728,31.7,3.05,0.41,1.22
,,,,2.01,0.1669,21.74,2.47,0.2,0.54
Gold,TEM: 44.7,0,100 mm3=0.1 cm3,0.96,,,,,
,,,,1.77,,,,,
,,,,1.79,,,,,
Gold,HD: 42,-5,,2.85,0.4866,8.89,0.58,0.7,2
,,,,4.28,0.3244,13.09,2.96,0.43,1.4
,,,,1.65,0.292,10.62,6.76,0.38,0.84
Gold,HD: 38.3,-5,,10.09,,,,,
,,,,4.1,,,,,
,,,,1.6,,,,,
Gold,TEM: 50; HD: 68.4,-9.3,100-250 = 0.175 cm3,0.45,0.2638,50.86,2.23,1.11,2.07
,,,,0.6,0.1814,45.46,2.17,0.71,1.83
,,,,2.32,0.4617,56.01,2.79,0.98,3.8
Gold,TEM: 15; HD: 49.5,-0.64,1-1.2 cm3,11.3,,,,,
,,,,13.35,,,,,
,,,,18.39,,,,,
,,,,26.03,,,,,
,,,,32.46,,,,,
,,,,22.88,,,,,
Gold,TEM: 30; HD: 60,-11,1-1.2 cm3,16.54,,,,,
,,,,21.87,,,,,
,,,,30.6,,,,,
,,,,34.3,,,,,
,,,,26.34,,,,,
,,,,14.64,,,,,
Gold,TEM: 60; HD: 100.4,-9,1-1.2 cm3,20.47,,,,,
,,,,28.38,,,,,
,,,,38.88,,,,,
,,,,28.86,,,,,
,,,,22.08,,,,,
,,,,9.64,,,,,
Gold,TEM: 15; HD: 46.3,-6.7,1-1.2 cm3,6.95,,,,,
,,,,10.35,,,,,
,,,,18.39,,,,,
,,,,21.27,,,,,
,,,,22.39,,,,,
,,,,16.9,,,,,
Gold,TEM: 30; HD: 64.2,-15,1-1.2 cm3,7.69,,,,,
,,,,10.84,,,,,
,,,,13.99,,,,,
,,,,16.6,,,,,
,,,,17.63,,,,,
,,,,10.96,,,,,
Gold,TEM: 60; HD: 104.2,-10,1-1.2 cm3,4.96,,,,,
,,,,8.19,,,,,
,,,,11.91,,,,,
,,,,14.17,,,,,
,,,,12.55,,,,,
,,,,9.64,,,,,
Gold,TEM: 100; HD: 175.6,-5,1-1.2 cm3,3.99,,,,,
,,,,8.19,,,,,
,,,,10.75,,,,,
,,,,11.42,,,,,
,,,,9.34,,,,,
,,,,4.92,,,,,
Gold,TEM: 100; HD: 166,-6,1-1.2 cm3,5.89,,,,,
,,,,6.29,,,,,
,,,,4.79,,,,,
,,,,5.18,,,,,
,,,,5.27,,,,,
,,,,4.24,,,,,
Gold,TEM: 2.56; HD: 6.07,,75 = 0.075 cm3,0.62,,,,,
,,,,0.85,,,,,
,,,,1.11,,,,,
,,,,1.34,,,,,
,,,,1.37,,,,,
Gold,TEM: 27.3,,300 = 0.3 cm3,0.14,0.4519,1.23,0.61,0.7,0.3
,,,,0.44,0.3496,1.82,1.49,0.45,0.21
,,,,0.12,0.2046,2.14,1.4,0.49,0.16
,,,,0.09,0.2217,1.82,1.33,1.16,0.32
,,,,0.02,0.1449,2.27,4.04,1.6,0.16
Gold,TEM: 16; HD: 17.1,-9.8,100 = 0.1 cm3,1.72,,,,,
,,,,1.18,,,,,
,,,,0.97,,,,,
Gold,TEM: 16; HD: 31,-10.5,100 = 0.1 cm3,0.95,,,,,
,,,,0.53,,,,,
,,,,0.28,,,,,
Gold,TEM: 7.8; HD: 24.1,-21.3,150-200 = 0.15-0.2 cm3,1.17,2.2153,21.95,0.98,0.35,2.06
,,,,1.8,1.8175,20.93,0.9,0.26,1.94
,,,,1.87,0.6976,15.85,0.71,0.2,1.2
,,,,1.74,0.3366,13,0.5,0.19,1.1
Gold,TEM: 7.8; HD: 25.8,21.7,150-200 = 0.15-0.2 cm3,0.5,1.7583,23.46,1.07,0.33,1.71
,,,,0.59,0.9283,21.45,0.84,0.28,1.51
,,,,0.81,0.3935,16.67,0.62,0.21,1.52
,,,,0.64,0.3873,14.89,0.58,0.19,1.23
Gold,TEM: 7.8; HD: 20.8,24.6,150-200 = 0.15-0.2 cm3,0.5,1.4097,24.79,0.99,0.16,1.19
,,,,0.63,0.9132,22.59,0.88,0.14,1.11
,,,,0.64,0.5577,18.3,0.69,0.07,1.11
,,,,0.53,0.3739,15.27,0.53,0.08,1.11
Gold,TEM: 7.8; HD: 18.2,25.4,150-200 = 0.15-0.2 cm3,0.43,0.8991,29.27,1.18,0.26,1.31
,,,,0.48,0.5656,27.56,1.01,0.26,1.18
,,,,0.51,0.3335,21.7,0.69,0.18,1.06
,,,,0.38,0.261,17.89,0.67,0.13,0.99
Gold,TEM: 2; HD: 6.1,-5,150-200 = 0.15-0.2 cm3,0.44,,,,,
,,,,0.34,,,,,
,,,,0.64,,,,,
,,,,1.21,,,,,
,,,,1.37,,,,,
,,,,2.86,,,,,
,,,,1.82,,,,,
,,,,1.47,,,,,
Gold,TEM: 56.8; HD: 69.8,0,100 mm3=0.1 cm3,0.2,0.4734,22.33,0.25,1.25,1.02
,,,,1.37,1.4424,36.16,0.3,1.59,2.23
,,,,2.79,0.3141,38.47,0.54,0.05,0.13
Gold,TEM: 49.6; HD: 111.3,0,100 mm3=0.1 cm3,0.12,0.2638,44.86,9.29,0.69,0.61
,,,,0.56,0.4073,52.34,10.33,0.63,0.53
,,,,0.87,0.2183,64.85,10.22,0.23,0.14
Gold,TEM: 92; HD: 130.5,0,100 mm3=0.1 cm3,0.15,0.4125,40.87,5.87,0.71,0.92
,,,,0.5,0.3076,57.73,7.85,1.04,0.57
,,,,0.55,0.0798,56.38,8.87,0.63,0.1
Gold,TEM: 39.2; HD: 77,0,100 mm3=0.1 cm3,0.15,0.2029,43.27,3.69,0.58,0.42
,,,,0.11,0.1081,59.17,4.76,0.41,0.05
,,,,0.22,0.0532,52.39,4.86,0.14,0.07
Gold,TEM: 2.3; HD: 5.5,0,180 = 0.18 cm3,1.73,0.5769,4.49,0.36,0.88,3.14
,,,,2.59,0.4166,3.39,0.27,0.85,2.55
,,,,5.18,0.1202,3.26,0.19,0.25,2.51
,,,,10.37,0.1122,3.84,0.25,0.17,2.48
Gold,TEM: 4.8; HD: 31,,7-8.5 mm ~ 300 mm3 = 0.3 cm3,1.2,,13.59,,,
,,,,2.29,,11.02,,,
,,,,2.37,,11.74,,,
,,,,2.4,,11.76,,,
,,,,2.39,,11.17,,,
,,,,2.28,,10.23,,,
Gold,TEM: 30.3; HD: 63.7,10.2,,0.94,0.7717,33.77,3.19,0.72,1.82
,,,,2.53,0.6941,38.47,3.7,0.75,1.91
,,,,2.77,0.1964,43.79,3.28,0.29,1.04
Gold,TEM: 54.5; HD: 96,18.7,,0.35,0.0793,43.03,5.07,0.16,0.49
,,,,0.41,0.0513,37.18,6.27,0.11,0.31
,,,,0.52,0.0467,18.38,4.44,0.12,0.33
Gold,TEM: 30; HD: 66.5,-2.6,~270 mm3 = 0.27 cm3,0.25,,6.91,0.65,,
,,,,0.98,,16.44,1.27,,
,,,,0.96,,29.13,5.44,,
Gold,TEM: 30; HD: 62.8,-27.1,~270 mm3 = 0.27 cm3,0.24,,8.94,0.62,,
,,,,1.06,,17.59,1.58,,
,,,,0.67,,34.9,6.37,,
Gold,TEM: 30; HD: 71.7,-2.9,~270 mm3 = 0.27 cm3,0.26,,2.88,0.43,,
,,,,0.71,,11.82,4.78,,
,,,,1.22,,31.15,7.02,,
Gold,TEM: 30; HD: 60.2,-10.6,~270 mm3 = 0.27 cm3,0.02,,15.57,2.36,,
,,,,0.02,,41.53,2.14,,
,,,,0.06,,51.33,1.65,,
Gold,TEM: 43; HD: 63,0,,0.12,0.2254,1.22,1.08,0.61,0.35
,,,,0.41,0.2213,2.62,3.77,0.32,0.21
,,,,0.52,0.0644,2.27,3.91,0.05,0.08
,,,,0.16,0.0845,5.42,17.11,0.05,0.16
Gold,TEM: 60.2; HD: 15,-10,50-100 = 0.05-0.1 cm3,0.75,0.6258,29.66,2.36,0.61,0.93
,,,,0.78,0.4867,37.87,6.54,0.27,1.15
,,,,1.1,0.2086,44.75,4.77,0.31,1.22
Gold,TEM: 60.5; HD: 15,-44.1,50-100 = 0.05-0.1 cm3,0.28,0.1031,73.31,13.12,0.3,0.42
,,,,0.28,0.3094,63.36,9.89,0.44,0.64
,,,,0.22,4.5e-15,55.25,8,0.3,0.64
Gold,TEM: 45; HD: 10,1.1,4.17 cm3,2.91,0.3427,4.54,0.13,0.27,0.29
,,,,13.84,0.1877,4.6,0.34,0.4,0.54
,,,,16.28,0.1877,9.51,0.47,0.37,0.49
,,,,9.17,0.0734,13.3,1.11,0.12,0.81
,,,,2.06,0.0653,10.44,1.72,0.04,0.45
Gold,TEM: 50; HD: 88.9,-27.1,4.17 cm3,0.92,0.3087,23.11,1.08,0.23,0.55
,,,,3.29,0.1323,25.39,1.67,0.38,0.18
,,,,1.38,0.0088,25.59,1.79,0.05,0.04
,,,,0.99,0.0088,45.68,2.21,0.04,0.02
,,,,0.54,0.0529,8.53,2.08,0.01,0.02
Gold,TEM: 43.3; HD: 82.6,0,,0.44,,0.01,0.09,,
,,,,0.75,,0.19,1.2,,
,,,,1.31,,6.99,1.72,,
,,,,0.74,,0.87,5.85,,
Gold,TEM: 22.6; HD: 39.6,0,,1.12,,0.42,0.17,,
,,,,3.98,,2.96,1.05,,
,,,,0.11,,1.99,0.15,,
,,,,0.24,,2.2,0.4,,
Gold,TEM: 32.5; HD: 61.3,0,,0.05,,0.01,0.02,,
,,,,0.35,,0.06,1.24,,
,,,,0.52,,0.05,2.65,,
,,,,1.29,,22.93,8.14,,
Gold,TEM: 83.5; HD: 99.4,0,,2.1,,0.65,0.53,,
,,,,0.46,,5.55,0.89,,
,,,,0.82,,1.43,8.7,,
,,,,0.02,,5.37,0.71,,
Gold,TEM: 16.6; HD: 22.4,0,,0.01,,0.01,0.33,,
,,,,0.02,,0.14,0.09,,
,,,,0.04,,0.06,0.03,,
,,,,0.01,,0.08,0.02,,
Other-SiO2@AuNR,TEM: 110; HD: 41.8,-0.06,500 mm3 = 0.5 cm3,0.11,0.0563,68.46,5.69,0.56,0.27
,,,,0.83,0.0432,70.47,8.66,0.31,0.25
,,,,0.66,0.0148,70.69,7.34,0.04,0.11
Gold,TEM: 2; HD: 7.2,-23.5,500 mm3 = 0.5 cm3,0.3,0.1994,73.6,3.56,0.33,5.18
,,,,0.6,0.1352,69.13,4.81,0.19,5.43
,,,,0.22,0.0295,46.98,3.94,0.03,2.57
Other-SiO2@AuNR,TEM: 110; HD: 44.3,-14.1,500 mm3 = 0.5 cm3,0.09,0.0648,73.15,5.97,0.63,0.11
,,,,0.45,0.033,77.18,11,0.29,0.07
,,,,0.17,0.0142,74.05,9.78,0.11,0.05
Gold,TEM: 60; HD: 20.2,-20.2,500 mm3 = 0.5 cm3,0.06,0.0773,78.97,6.41,0.4,0.09
,,,,0.28,0.017,74.72,10.66,0.23,0.07
,,,,0.2,0.0091,79.87,8.84,0.14,0.09
Gold,TEM: 3.8; HD: 71.7,6.1,40.5 = 0.041 cm3,0.05,0.1475,34.14,2.5,0.47,0.39
,,,,0.04,0.0431,31.12,1.63,0.28,0.3
,,,,0.02,0.0414,31.45,3.43,0.58,0.48
Gold,HD: 5,,> 0.5 cm3,0.94,0.8258,5.09,0.46,1.32,3.31
,,,,3.5,0.3526,2.97,0.23,0.65,2.98
,,,,3.93,0.3248,4.17,0.28,0.46,6.56
,,,,1.85,0.167,4.03,0.24,0.39,3.35
Gold,HD: 5,,> 0.5 cm3,0.63,0.4484,24.6,2.13,0.86,1.53
,,,,1.85,0.3569,18.68,1.69,0.46,1.92
,,,,2.52,0.1007,22.1,1.9,0.21,2.75
,,,,0.98,0.1281,30.39,2.39,0.13,1.26
Gold,HD: 5,2.5,> 0.5 cm3,0.63,0.4465,23.88,2.04,0.83,1.51
,,,,1.89,0.3895,22.43,1.75,0.45,1.78
,,,,2.46,0.1045,21.2,1.86,0.21,2.68
,,,,0.95,0.1235,29.3,2.32,0.14,1.23
Gold,HD: 22,,> 0.5 cm3,2.05,0.856,30.22,5.53,18.1,2.45
,,,,1.47,0.3341,37.78,11.24,9.32,1.81
,,,,0.6,0.3132,35.26,7.2,9.91,1.2
Gold,HD: 22,,> 0.5 cm3,1.35,0.9795,61.11,9.42,22.35,5.09
,,,,0.61,0.6717,36.84,10.69,14.61,2.88
,,,,0.43,0.2612,54.84,7.71,9.02,1.81
Gold,HD: 11,,> 0.5 cm3,0.67,4.9012,31.92,22.98,1.45,1.38
,,,,0.42,3.8095,37.88,21.16,0.52,0.44
,,,,0.24,0.1894,58.31,11.62,0.11,0.14
,,,,0.18,0.1559,44.27,8.86,0.08,0.09
Gold,HD: 2.7,-18.4,4.17 cm3,3.78,0.0081,0.23,0.04,0.03,0.04
,,,,2.05,0.0055,0.14,0.03,0.01,0.03
,,,,1.33,0.0026,0.19,0.03,0.01,0.07
Gold,HD: 2.7,-22.1,4.17 cm3,1.41,0.0035,0.14,0,0.01,0.09
,,,,1.99,0.003,0.15,0.01,0,0.06
,,,,1.29,0.0012,0.16,0.02,0.01,0.07
Gold,HD: 2.7,-42.3,4.17 cm3,1.5,0.0379,0.44,0.03,0.05,0.07
,,,,1.96,0.0018,0.35,0.03,0.01,0.1
,,,,0.99,0.002,0.15,0.01,0.01,0.04
Gold,HD: 2.7,-25.6,4.17 cm3,1.95,0.0164,0.27,0.02,0.04,0.07
,,,,1.59,0.0063,0.26,0.02,0.01,0.03
,,,,0.78,0.0022,0.1,0.02,0.01,0.07
Gold,HD: 2.7,-16.6,4.17 cm3,1.09,0.0025,0.14,0,0.02,0.02
,,,,1.55,0.0032,0.15,0.01,0,0.04
,,,,0.62,5e-4,0.16,0.01,0,0.02
Gold,HD: 2.7,-16.8,4.17 cm3,1.02,0.002,0.16,0,0,0.04
,,,,0.9,7e-4,0.14,0.01,0,0.03
,,,,1.05,0.0029,0.23,0.02,0.01,0.04
Gold,TEM: 37.7; HD: 51.6,3,100 mm3=0.1 cm3,0.7,1.6606,19.99,1.96,1.4,3.05
,,,,2.28,1.2158,21.74,2.54,1.09,2.64
,,,,4.67,1.1565,31.85,3.28,1.62,1.99
Gold,TEM: 22,-25.9,0.3-0.6 cm3,0.69,0.2929,3.95,0.21,0.18,0.64
,,,,1.15,0.2846,4.13,0.21,0.22,1.29
,,,,1.32,0.2449,2.55,0.18,0.13,0.84
Gold,TEM: 50,-9.2,~180 mm3 = 0.18 cm3,7.02,5.1866,83.95,47.02,2.53,5.34
,,,,10.53,4.5383,128.39,58.91,1.9,5.34
,,,,4.68,2.5933,49.38,8.78,1.9,4.01
Gold,TEM: 60,-11,~180 mm3 = 0.18 cm3,4.2,2.3259,68.33,36.01,1.62,2.05
,,,,4.8,1.6613,93.64,47.93,0.97,4.11
,,,,4.2,1.3291,184.74,95.07,0.97,2.05
Gold,TEM: 4.5,,400 mm3 = 0.4 cm3,2.15,,13.57,1.06,1.63,2.06
,,,,1.34,,13.57,1.48,1.83,2.4
,,,,4.16,,18.27,2.03,1.25,1.47
,,,,6.69,,20.63,2.67,1.39,1.47
,,,,8.68,,27.5,4.6,0.3,0.39
Iron Oxide,TEM: 10; HD: 24.4,-28.6,200 mm3 = 0.2cm3,0.28,0.6947,33.86,1.22,0.11,1.05
,,,,0.44,0.5368,30.51,1.12,0.2,1.37
,,,,0.99,0.4632,29.47,0.91,0.28,2.04
,,,,1.11,0.4842,24.73,0.97,0.32,1.65
,,,,1.16,0.3579,21.04,0.6,0.23,1.2
Iron Oxide,TEM: 16,,65 mm3 = 0.065 cm3,0.59,0.7455,8.19,0.71,0.5,1.98
,,,,0.79,0.547,9.59,0.86,0.31,1.68
,,,,1.03,0.2585,11.64,0.94,0.13,0.81
Iron Oxide,TEM: 50; HD: 139.1,-11.6,50-100 mm3 ~ 0.075 cm3,0.32,0.2527,8.16,3.97,0.09,0.58
,,,,0.62,0.1277,10.43,3.49,0.14,1.18
,,,,0.61,0.1277,13.93,4.69,0.04,2
,,,,0.43,0.0838,8.19,3.05,0.05,1.11
,,,,0.43,0.0638,9.79,1.76,0.02,0.55
Iron Oxide,HD: 68,,~180 mm3 = 0.18 cm3,1.06,,15.12,,,
,,,,1.32,,11.67,,,
,,,,1.36,,9.8,,,
,,,,1.3,,7.2,,,
,,,,1.29,,6.23,,,
Iron Oxide,HD: 68,,~180 mm3 = 0.18 cm3,0.46,,18.93,,,
,,,,0.57,,17.48,,,
,,,,0.63,,16.39,,,
,,,,0.62,,9.07,,,
,,,,0.54,,7.92,,,
Iron Oxide,TEM: 30; HD: 50.8,,500 mm3 = 0.5 cm3,1.96,0.2399,0.44,0.14,0.26,0.49
,,,,1.72,0.3343,0.41,0.32,0.23,0.23
,,,,0.37,0.3881,1.48,0.55,0.78,0.63
Iron Oxide/Polymeric,TEM: 20,,238±32 mm3 = 0.24 cm3,5.01,,26.22,1.78,0.68,2.05
,,,,7.64,,21.24,1.51,0.4,1.77
,,,,5.28,,20.35,1.62,0.54,1.45
,,,,5.01,,18.3,1.43,0.4,1.13
Silica,TEM: 20; HD: 22.3,-4.6,100 mm3=0.1 cm3,6,0.6251,17.83,1.75,0.94,5.48
,,,,7.2,0.5453,11.45,1.07,0.77,5.1
,,,,8.8,0.3724,11.85,1.2,0.69,7.18
,,,,11.2,0.3059,10.74,1.05,0.43,6.27
,,,,8.6,0.2394,9.32,0.99,0.35,4.66
,,,,9.4,0.266,10.23,1.02,0.35,4.14
Silica,TEM: 20; HD: 28.1,-0.6,100 mm3=0.1 cm3,6,0.5852,12.76,1.2,0.87,4.69
,,,,9,0.5054,11.75,1.11,0.9,5.29
,,,,9,0.3458,8.31,0.88,0.61,5.59
,,,,8,0.266,11.35,1.08,0.47,5.95
,,,,6.8,0.2394,10.74,1.17,0.4,4.69
,,,,6.4,0.2394,8.91,0.95,0.35,4
Silica,TEM: 20; HD: 39.4,-4.5,100 mm3=0.1 cm3,3.8,0.3059,26.24,1.48,0.74,4.66
,,,,4.2,0.2128,24.82,1.26,0.46,4.44
,,,,6,0.2394,32.21,1.45,0.44,4.99
,,,,5,0.1596,23.81,1.25,0.26,3.84
,,,,5.6,0.1596,28.26,1.77,0.25,4.3
,,,,5,0.1463,20.26,1.22,0.25,2.74
Silica,TEM: 20; HD: 40.3,-3.3,100 mm3=0.1 cm3,3.6,0.3059,26.74,1.78,0.75,3.12
,,,,5.4,0.3059,29.98,1.65,0.68,3.37
,,,,5.2,0.266,30.39,1.69,0.51,4.55
,,,,5.2,0.1862,24.82,1.66,0.29,249.86
,,,,4.8,0.1862,27.76,1.83,0.29,2.63
,,,,5,0.1995,22.39,1.89,0.33,2.22
Silica,TEM: 150; HD: 226.2,-3.5,150-200 mm3 = 0.15-0.2 cm3,1.51,,23.53,,,
,,,,1.69,,19.35,,,
,,,,1.4,,17.02,,,
,,,,0.94,,11.28,,,
Silica,TEM: 150; HD: 219.4,-3.6,150-200 mm3 = 0.15-0.2 cm3,0.67,,24.56,,,
,,,,1.03,,16.05,,,
,,,,0.9,,15.41,,,
,,,,0.46,,10.02,,,
Silica,TEM: 50; HD: 59,-7.4,0.065,0.37,0.503,57.82,1.05,0.67,0.64
,,,,0.36,0.5259,52.77,0.87,0.54,0.57
,,,,0.31,0.4916,49.72,0.8,0.61,0.57
Silica,TEM: 80; HD: 125.2,-10.9,~60 mm3 = 0.06 cm3,0.16,,24.19,,,
,,,,0.21,,20.32,,,
,,,,0.19,,16.86,,,
,,,,0.16,,13.67,,,
Silica,TEM: 80; HD: 129,-10.2,~60 mm3 = 0.06 cm3,0.54,,24.55,,,
,,,,0.63,,17.17,,,
,,,,0.6,,14.97,,,
,,,,0.36,,11.33,,,
Silica,TEM: 150; HD: 194.4,-5.1,150-200 mm3 = 0.15-0.2 cm3,1.78,,18.94,,,
,,,,2.08,,14.69,,,
,,,,1.37,,10.84,,,
,,,,1.25,,11.24,,,
Silica,TEM: 150; HD: 194.4,-5.1,150-200 mm3 = 0.15-0.2 cm3,0.61,,28.16,,,
,,,,0.67,,24.11,,,
,,,,0.63,,15.09,,,
,,,,0.61,,15.6,,,
Silica,TEM: 80; HD: 175.3,-3.25,150-200 mm3 = 0.15-0.2 cm3,0.45,,21.17,,,
,,,,0.5,,19.65,,,
,,,,0.44,,16.41,,,
,,,,0.41,,13.98,,,
,,,,0.35,,10.64,,,
Silica,TEM: 80; HD: 175.3,-3.25,150-200 mm3 = 0.15-0.2 cm3,1.16,,23.5,,,
,,,,1.12,,19.75,,,
,,,,0.82,,12.87,,,
,,,,0.82,,11.85,,,
,,,,0.7,,9.32,,,
Silica,HD: 6.8,0,200 mm3 = 0.2 cm3,0.23,0.0963,1.44,0.05,0.36,0
,,,,0.07,0.0499,0.82,0.13,0.03,0.41
,,,,0.03,0.0071,0.52,0.04,0.01,0.03
Silica,HD: 7,-3,200 mm3 = 0.2 cm3,0.37,0.6171,4.29,0.28,0.54,0.97
,,,,0.24,0.0785,2.17,0.19,0.1,0.37
,,,,0.17,0.0392,3.1,0.28,0.05,0.3
,,,,0.18,0.0571,2.09,0.41,0.07,0.5
,,,,0.03,0.0143,1.06,0.08,0.01,0.06
Other-MoS2-Fe3O4,TEM: 80; HD: 168,-2.7,150-200 mm3 = 0.15-0.2 cm3,1.14,,22.49,,,
,,,,1.19,,19.35,,,
,,,,1.23,,17.42,,,
,,,,1,,15.9,,,
,,,,0.92,,15.09,,,
,,,,0.74,,11.95,,,
Other-CaP,TEM: 80; HD: 150.2,-2.3,150-200 mm3 = 0.15-0.2 cm3,0.55,,16.21,,,
,,,,0.63,,14.28,,,
,,,,0.6,,13.47,,,
,,,,0.51,,9.42,,,
,,,,0.51,,9.42,,,
,,,,0.47,,7.09,,,
Other- Manganese,TEM: 35; HD: 53.2,-12.4,1-1.2 cm3,2.1,0.0103,0.86,0.1,0.03,0.03
,,,,3.13,0.0103,1.01,0.12,0.03,0.04
,,,,8.34,0.0093,1.15,0.33,0.03,0.05
,,,,4.23,0.0072,0.62,0.22,0.02,0.03
Iron Oxide,TEM: 24; HD: 32,,0.52-4.19 cm3,5.43,,,,,
,,,,5.86,,,,,
,,,,2.68,,,,,
Iron Oxide,TEM: 100; HD: 190.1,-21.9,100 mm3 = 0.1 cm3,0.36,0.3251,2.92,0.8,0.23,0.44
,,,,0.44,0.2911,3.79,0.85,0.29,0.49
,,,,0.49,0.2124,7.99,1.44,0.74,0.86
,,,,0.25,0.1967,6.73,1.25,0.32,0.38
,,,,0.06,0.1783,5.31,0.18,0.08,0.37
Iron Oxide,TEM: 55; HD: 80,-0.5,100 mm3 = 0.1 cm3,0.11,,,,,
,,,,0.31,,,,,
,,,,0.39,,,,,
,,,,0.47,,,,,
Iron Oxide,TEM: 105; HD: 100,3,65 mm3 = 0.065 cm3,39.91,7.0514,16.2,1.07,0,4.61
,,,,34.38,15.3339,55.41,0.18,2.41,14.53
,,,,6.53,9.066,18.75,5.17,6.67,6
Other-Mg2Al-Co3 LDH,TEM: 100; HD: 150,-19,~200 mm3 = 0.2 cm3,0.84,,58.83,,,
,,,,1.73,,36.9,,,
,,,,1.85,,21.51,,,
,,,,1.63,,22.23,,,
Other-Cobalt,TEM: 8.5,-14.6,100-200 mm3 = 0.15 cm3,0.34,0.0973,2.25,0.27,0.28,0.67
,,,,0.3,0.0702,1.81,0.14,0.21,0.29
,,,,0.13,0.0099,0.5,0.04,0.04,0.16
Other-Au@C60,TEM: 112.2,-9.8,60-100 mm3 = 0.08 cm3,0.72,0.2104,3.31,0.21,0.54,0.56
,,,,1.04,0.2133,3.55,0.19,0.32,0.47
,,,,0.7,0.0989,2.25,0.12,0.28,0.2
Other-Au@C60,TEM: 143.4,-12.7,60-100 mm3 = 0.08 cm3,0.63,0.1987,3.53,0.16,0.59,0.61
,,,,0.85,0.2395,3.89,0.21,0.37,0.7
,,,,0.39,0.1678,2.89,0.18,0.36,0.32
Other-Bi2Se3,TEM: 112; HD: 438.3,-14.4,~400 mm3 = 0.4 cm3,0.46,0.9396,26.61,1.75,0.81,0.57
,,,,3,0.6352,34.07,2.1,0.54,1.04
,,,,2.01,0.3044,23.89,1.86,0.41,0.63
Other-CaP,TEM: 60; HD: 80,-0.5,100 mm3=0.1 cm3,0.54,,,,,
,,,,1.15,,,,,
,,,,1.97,,,,,
Silica,TEM: 40; HD: 255.3,-27.6,30 mm3 = 0.03 cm3,0.17,0.3635,47.33,4.02,0.89,1.3
,,,,0.25,0.4221,55.28,4.7,1.51,1.35
,,,,0.25,0.2228,63.59,5.16,1.75,2.9
Silica/Liposome,TEM: 120; HD: 210,27,500 mm3 = 0.5 cm3,1,0.7427,14.31,0.74,6.37,4.47
,,,,1.1,0.6596,20.49,0.9,2.46,3.68
,,,,1.13,0.5674,16.37,0.9,1.06,2.47
,,,,0.96,0.4705,15.96,1.04,1.02,2.42
,,,,1.05,0.1292,8.24,0.72,0.73,1.07
,,,,0.83,0.1107,8.34,0.71,0.6,0.98
,,,,0.74,0.1107,9.06,0.77,0.49,0.73
Silica/Liposome,TEM: 180; HD: 243,-11.7,15-50 mm3 = 0.032cm3,2.26,0.1856,13.96,0.89,2.34,1.11
,,,,7.35,1.1139,31.48,1.41,1.34,1.41
,,,,9.28,1.0396,34.52,1.89,1.34,0.89
Silica,TEM: 80; HD: 107.7,-14,200-400 mm3 = 0.3 cm3,0.98,0.182,30.82,0.78,1.15,2.86
,,,,2.07,0.322,28.26,0.9,1.19,2.74
,,,,2.89,0.35,20.37,1,1.2,1.73
,,,,1.35,0.168,9.38,0.33,0.45,0.4
Silica/PDA,TEM: 80; HD: 210,24.1,600-800 mm3 = 0.7 cm3,0.95,0.7716,18.78,24.14,4.46,3.82
,,,,5.27,0.8731,33.88,25.34,2.07,13.28
,,,,5.72,0.3147,31.84,15,2.95,4.9
,,,,6.09,0.2944,35.31,14.31,2.45,10.12
,,,,8.4,0.3858,12.65,15.34,1.57,8.88
Silica/PDA,TEM: 80; HD: 210,24.1,600-800 mm3 = 0.7 cm3,4.14,0.7716,17.14,20.86,4.58,4.23
,,,,5.27,0.9442,23.47,19.48,1.95,7.97
,,,,8.77,0.5076,27.14,10.69,2.95,6.06
,,,,23.13,0.3959,27.76,11.38,0.82,7.63
,,,,20.94,0.2538,12.86,12.76,2.76,7.55
Other-Gd3N@C80/Polymeric,HD: 49.2,0,100 mm3=0.1 cm3,0.22,,23.12,2.46,,2.15
,,,,0.43,,62.11,4.89,,0.98
,,,,0.41,,62.46,4.21,,0.61
,,,,0.33,,31.75,4.95,,0.61
,,,,0.35,,21.05,4.01,,0.61
Copper,TEM: 100; HD: 205,-25.5,100 mm3=0.1 cm3,0.17,,4.56,,0.15,0.57
,,,,0.26,,3.92,,0.12,0.41
,,,,0.1,,2.17,,0.11,0.49
,,,,0.08,,2.61,,0.09,0.59
,,,,0.1,,2.9,,0.05,0.44
,,,,0.06,,3.49,,0.06,0.36
,,,,0.04,,2.96,,0.04,0.28
,,,,0.02,,2.18,,0.03,0.32
,,,,0.02,,1.45,,0.02,0.2
,,,,0.01,,0.84,,0.01,0.12
Silica,TEM: 2.3,,125 mm3 = 0.125 cm3,0.12,1.205,35.8,1.64,3.4,2.34
,,,,0.37,1.3186,20.55,1.13,3.46,2.48
,,,,0.42,1.1822,13.04,0.9,3.29,1.36
,,,,0.1,1.1595,8.18,0.97,1.16,1.83
Silica,TEM: 127; HD: 210,-31.6,100 mm3=0.1 cm3,1.07,1.659,28.03,7.71,4.17,2.65
,,,,3.02,1.21,21.28,5.64,3.05,1.85
,,,,3.23,1.1725,15.01,3.82,2.02,1.67
,,,,2.2,0.8607,12.45,2.87,1.51,1.59
Silica,TEM: 125; HD: 222.6,-17.9,100 mm3=0.1 cm3,12.15,2.5073,2.67,4.4,1.33,0.6
,,,,24.43,1.0676,9.75,7.83,3.46,2.51
,,,,32.59,1.5529,7.44,8.59,2.49,1.96
Polymeric,HD: 36.7,-8.5,0.17,0.45,1.5142,8.07,0.59,2.6,5.23
,,,,0.56,1.064,8.75,0.65,1.9,5.14
,,,,0.97,1.1362,10.07,0.66,1.66,4.57
,,,,1.53,0.6644,11.75,0.87,0.99,3.39
,,,,1.29,0.4357,12.06,0.88,0.48,2.63
Polymeric,TEM: 25; HD: 37,,180 mm3 = 0.18 cm3,0.96,,16.39,,,
,,,,1.19,,16.1,,,
,,,,1.22,,11.9,,,
,,,,0.96,,8.56,,,
,,,,0.92,,8.16,,,
,,,,0.64,,6.75,,,
Polymeric,TEM: 25; HD: 37,,180 mm3 = 0.18 cm3,0.57,,19.33,,,
,,,,0.66,,18.72,,,
,,,,0.68,,17.11,,,
,,,,0.52,,13.61,,,
,,,,0.43,,13.1,,,
,,,,0.46,,5.36,,,
Polymeric,HD: 72,-0.5,100 mm3=0.1 cm3,0.15,,,,,
,,,,0.88,,,,,
,,,,0.85,,,,,
,,,,0.98,,,,,
Polymeric,HD: 72,-0.5,100 mm3=0.1 cm3,0.43,,,,,
,,,,0.42,,,,,
,,,,0.99,,,,,
,,,,1.56,,,,,
Polymeric,TEM: 20; HD: 22.26,-1.48,~270 mm3 = 0.27 cm3,2.91,0.4385,8.48,1.14,0.49,0.88
,,,,1.3,0.3711,8.04,0.92,0.57,0.92
,,,,0.42,0.2939,6.9,0.7,0.48,0.93
,,,,0.23,0.159,3.41,0.33,0.37,0.83
,,,,0.12,0.0723,1.58,0.2,0.28,0.68
,,,,0.03,0.0289,0.59,0.1,0.17,0.31
,,,,0.01,0.0048,0.26,0.03,0.09,0.16
Polymeric,TEM: 20; HD: 22.26,-1.48,~270 mm3 = 0.27 cm3,0.64,0.1925,9.97,0.6,1.29,1.78
,,,,0.73,0.1671,8.81,0.49,0.81,1.14
,,,,0.99,0.1199,3.79,0.41,0.36,0.57
,,,,0.64,0.0944,2.23,0.28,0.27,0.4
,,,,0.3,0.0726,1.75,0.22,0.17,0.19
,,,,0.11,0.0545,0.76,0.07,0.11,0.07
,,,,0.04,0.0145,0.24,0.04,0.05,0.01
Polymeric,TEM: 61.7; HD: 89,-7,30 mm3 = 0.03 cm3,0.03,0.062,0.85,0.1,0.07,0.29
,,,,0.02,0.0527,0.77,0.09,0.03,0.24
,,,,0.02,0.0388,0.6,0.06,0.03,0.19
Polymeric,TEM: 61.7; HD: 88,-24.16,30 mm3 = 0.03 cm3,0.06,0.0264,0.85,0.07,0.08,0.05
,,,,0.06,0.0248,0.57,0.07,0.06,0.05
,,,,0.06,0.0124,0.55,0.06,0.03,0.13
Polymeric,TEM: 320; HD: 227,-3.2,150 mm3 = 0.15 cm3,0.4,,0.66,0.44,0.2,
,,,,0.46,,1.02,0.87,0.3,
,,,,0.47,,2.07,1.14,0.17,
,,,,0.42,,1.16,0.6,0.04,
,,,,0.24,,0.06,0.04,0.01,
,,,,0.26,,0.01,0.01,,
Polymeric,HD: 263,-3.4,150 mm3 = 0.15 cm3,0.34,,1.14,1.06,0.11,
,,,,0.49,,1.48,1.86,0.35,
,,,,0.38,,2.81,2.07,0.13,
,,,,0.34,,1.75,1.91,0.04,
,,,,0.24,,0.78,0.87,0.01,
,,,,0.09,,0.42,0.28,0,
Polymeric,HD: 216,-3.11,150 mm3 = 0.15 cm3,2.4,,2.34,0.69,1.02,
,,,,1.28,,2.16,1.58,1.27,
,,,,0.31,,3.88,2.39,0.33,
,,,,0.04,,4.04,2.15,0.08,
,,,,0.04,,2.9,1.42,0.03,
,,,,0.03,,3.01,1.52,0.01,
Polymeric,HD: 216,-3.36,150 mm3 = 0.15 cm3,1.5,,5.33,1.21,0.5,
,,,,1.1,,6.52,3.24,1.25,
,,,,0.44,,6.35,3.75,0.33,
,,,,0.06,,5.49,2.73,0.14,
,,,,0.03,,5.27,1.88,0.07,
,,,,0.04,,2.57,1.91,0.04,
Polymeric,HD: 274.1,-12.13,160-200 mm3 = 0.18 cm3,0.62,0.4983,19.99,0.24,1.14,2.75
,,,,0.58,0.183,8.88,0.49,0.64,1.71
,,,,0.92,0.1207,1.38,0.29,0.42,1.04
,,,,1.13,0.0934,0.2,0.52,0.65,0.86
,,,,1.51,0.0817,3.42,0.69,0.76,0.98
,,,,1.61,0.0545,3.16,0.94,0.62,0.63
Polymeric,HD: 216.6,-14.34,160-200 mm3 = 0.18 cm3,0.43,0.9615,26.3,1.11,1.27,1.99
,,,,0.61,0.1907,19.99,0.6,0.63,1.38
,,,,0.72,0.1362,4.73,0.5,0.19,0.63
,,,,0.52,0.1051,1.58,0.17,0.09,0.58
,,,,0.31,0.035,0.26,0.17,0.08,0.43
,,,,0.15,0.0039,0.07,0.13,0.02,0.26
Polymeric,TEM: 15.96; HD: 30,-2.29,100 mm3=0.1 cm3,0.24,,,,,
,,,,0.53,,,,,
,,,,0.71,,,,,
,,,,1.22,,,,,
Polymeric,TEM: 29.54; HD: 54,-1.61,100 mm3=0.1 cm3,0.27,,,,,
,,,,0.72,,,,,
,,,,0.78,,,,,
,,,,1.1,,,,,
Polymeric,TEM: 46.18; HD: 69,-0.89,100 mm3=0.1 cm3,0.42,,,,,
,,,,0.69,,,,,
,,,,0.9,,,,,
,,,,1.19,,,,,
Polymeric,TEM: 66.88; HD: 110,0.15,100 mm3=0.1 cm3,0.25,,,,,
,,,,0.38,,,,,
,,,,0.69,,,,,
,,,,1,,,,,
Polymeric,TEM: 15.96; HD: 30,-2.29,100 mm3=0.1 cm3,0.25,,2.4,0.17,,1.24
,,,,0.81,,3.84,0.21,,1.12
,,,,0.99,,3.74,0.24,,1.25
,,,,1.31,,9.88,0.62,,1.3
Polymeric,TEM: 29.54; HD: 54,-1.61,100 mm3=0.1 cm3,0.27,,3.09,0.27,,1.39
,,,,0.38,,5.7,0.33,,1.47
,,,,0.65,,7.54,0.38,,1.06
,,,,0.83,,12.93,0.94,,1.48
Polymeric,TEM: 46.18; HD: 69,-0.89,100 mm3=0.1 cm3,0.22,,2.77,0.23,,1.29
,,,,0.31,,4.79,0.33,,1.29
,,,,0.37,,6.09,0.49,,1.35
,,,,0.51,,14.09,0.94,,0.81
Polymeric,TEM: 66.88; HD: 110,0.15,100 mm3=0.1 cm3,0.17,,2.79,0.2,,1.01
,,,,0.24,,4.28,0.26,,0.98
,,,,0.44,,10.61,0.25,,0.96
,,,,0.47,,16.33,0.74,,0.88
Polymeric,HD: 70.9,4,50 mm3 = 0.05 cm3,0.5,0.5586,2.23,0.31,0.35,0.13
,,,,0.65,0.5941,2.9,0.24,0.65,0.24
,,,,0.71,0.5852,4.73,0.23,0.72,0.28
,,,,0.84,0.4699,6.48,0.25,0.66,0.68
,,,,0.42,0.2217,4.86,0.23,0.58,0.9
Polymeric,HD: 86.6,2,50 mm3 = 0.05 cm3,0.4,0.5675,2.63,0.33,0.43,0.22
,,,,0.55,0.6473,3.65,0.45,0.72,0.26
,,,,0.59,0.6739,5.61,0.45,0.77,0.37
,,,,0.64,0.5675,8.51,0.43,0.77,0.74
,,,,0.32,0.3901,6.48,0.3,0.65,0.99
Polymeric,HD: 64,3,50 mm3 = 0.05 cm3,0.27,0.6739,3.24,0.49,0.58,0.26
,,,,0.29,0.7359,4.25,0.55,0.64,0.53
,,,,0.31,0.9221,6.01,0.61,0.86,1.07
,,,,0.35,0.8601,9.32,0.88,1.12,1.2
,,,,0.42,0.4788,6.28,0.57,0.94,1.27
Polymeric,HD: 88.9,-0.96,100 mm3=0.1 cm3,0.22,,3.4,0.43,,2.81
,,,,0.27,,5.62,0.79,,1.54
,,,,0.3,,5.33,1.03,,1.22
,,,,0.25,,5.12,1.09,,0.72
,,,,0.34,,8.2,1.66,,1.17
,,,,0.36,,9.43,1.98,,0.89
Polymeric,HD: 87.1,-0.47,100 mm3=0.1 cm3,0.17,,4.94,0.49,,4.28
,,,,0.23,,4.3,0.76,,0.68
,,,,0.17,,6.27,1.35,,0.39
,,,,0.21,,6.91,1.57,,0.56
,,,,0.22,,6.65,2.03,,0.63
Polymeric,HD: 64.21,-0.39,100 mm3=0.1 cm3,0.3,0.9088,2.94,0.27,,2.73
,,,,0.49,0.7031,4.97,0.54,,2.23
,,,,0.74,0.5638,7.26,0.57,,1.44
,,,,0.73,0.5439,8.64,0.74,,1.14
,,,,0.77,0.4046,8.05,0.68,,0.92
,,,,0.57,0.1957,9.62,1.13,,0.37
Polymeric,HD: 68.35,-1.07,100 mm3=0.1 cm3,0.31,1.0149,4.32,0.3,,2.56
,,,,0.45,0.6468,7,0.57,,2.15
,,,,0.74,0.5738,8.7,0.72,,1.2
,,,,0.72,0.5439,9.03,0.77,,0.79
,,,,0.64,0.3184,9.95,0.85,,0.7
,,,,0.49,0.0929,11.26,1.06,,0.38
Polymeric,HD: 69.22,-1.98,100 mm3=0.1 cm3,0.39,0.9486,3.34,0.35,,2.41
,,,,0.6,0.7894,5.89,0.6,,2.2
,,,,0.79,0.6235,7.59,0.75,,1.27
,,,,0.78,0.4411,7.98,0.68,,1.18
,,,,0.8,0.3648,9.36,0.77,,0.76
,,,,0.66,0.0796,10.47,1.08,,0.37
Polymeric,HD: 72.51,-2.33,100 mm3=0.1 cm3,0.32,1.0215,5.76,0.42,,2.19
,,,,0.65,0.7695,7.39,0.7,,2.29
,,,,0.78,0.6169,9.42,0.79,,1.48
,,,,0.77,0.471,9.03,0.75,,0.85
,,,,0.81,0.2852,9.62,0.97,,0.6
,,,,0.51,0.1095,12.24,1.17,,0.36
Polymeric,HD: 77.47,-6.95,100 mm3=0.1 cm3,0.37,1.0414,6.48,0.45,,2.48
,,,,0.58,0.7761,10.27,0.62,,2.26
,,,,0.88,0.6866,10.4,0.69,,1.14
,,,,0.83,0.4743,11.78,0.75,,0.75
,,,,0.84,0.2521,13.48,1.02,,0.66
,,,,0.75,0.1095,15.38,1.18,,0.36
Polymeric,HD: 91.29,-9.25,100 mm3=0.1 cm3,0.49,0.995,8.64,0.45,,2.67
,,,,0.68,0.7164,14.72,0.78,,2.35
,,,,0.91,0.534,18.98,0.99,,1.58
,,,,0.88,0.3914,18.91,1.01,,1.02
,,,,0.79,0.3051,21.53,1.16,,0.85
,,,,0.63,0.1294,22.84,1.52,,0.34
Polymeric,HD: 40,-2,0.17,0.31,,,,,
,,,,0.79,,,,,
,,,,0.96,,,,,
,,,,1.87,,,,,
,,,,2.16,,,,,
,,,,0.9,,,,,
Polymeric,HD: 22.5,0,625 mm3 = 0.625 cm3,1.2,1.327,23.15,1.63,2.16,7.12
,,,,3.34,0.3568,34.12,2.56,0.94,4.36
,,,,5.34,0.039,36.41,3.8,0.41,2.7
,,,,5.55,0.0279,57.75,4.5,0.37,2.3
,,,,3.37,0.0223,52.45,1.32,0.32,1.8
Polymeric,HD: 65,-2,100 mm3=0.1 cm3,0.57,0.8226,8.23,0.95,,4.06
,,,,0.74,0.6438,9.17,1.07,,3.28
,,,,0.88,0.5424,10.02,1.23,,2.1
,,,,1.01,0.4828,10.44,1.35,,1.62
,,,,1.05,0.3636,10.95,1.48,,1.34
,,,,1.25,0.1669,12.39,1.69,,0.55
,,,,1.2,0.0417,11.63,1.6,,0.09
Polymeric,HD: 221.6,,~350 mm3 (from Wilhelm et al. 2016),0.92,,2.61,0.68,0.55,0.6
,,,,2.6,,9.4,3.99,0.32,0.11
,,,,2.22,,8.35,3.78,0.3,0.32
,,,,1.41,,4.83,3.05,0.05,0.07
Polymeric,HD: 20,,0.045,0.12,0.4921,46.29,1.22,4.23,2.47
,,,,0.18,0.532,35.76,0.87,1.95,2.36
,,,,0.33,0.6251,32.21,0.5,1.79,2.6
,,,,0.31,0.8246,27.25,0.48,1.65,2.96
Polymeric,HD: 20,,0.045,0.19,0.3059,56.73,1.94,5.16,1.97
,,,,0.13,0.3591,38.9,1.14,1.42,2.22
,,,,0.32,0.4921,34.24,0.93,1.87,2.16
,,,,0.16,0.5719,21.78,0.5,1.4,2.33
Polymeric,TEM: 42.5; HD: 133.5,-15.75,1 cm3,0.56,,52.71,0.25,0.03,0.14
,,,,2.39,,48.54,0.29,0.03,0.24
,,,,0.91,,45.31,0.52,0.05,0.18
,,,,0.53,,43.3,0.34,0.05,0.15
Polymeric,HD: 149.2,-13.2,100 mm3=0.1 cm3,15,,13.25,6.7,12.19,12.2
,,,,14.58,,16.86,10.4,12.19,10.5
,,,,16.16,,17.28,5.3,9.96,10.7
,,,,12.16,,19.19,4.9,8.69,9.7
,,,,8.58,,15.8,4.4,7.53,8.5
,,,,8.37,,11.98,3.2,6.15,6.4
Polymeric,HD: 157.3,-23.2,100 mm3=0.1 cm3,12.16,,15.48,7.6,13.14,12.6
,,,,13,,18.34,11,13.14,12.8
,,,,13.42,,19.61,6.5,10.39,11.5
,,,,10.58,,22.9,5.8,9.22,9.2
,,,,7.32,,17.39,5.6,8.16,8.6
,,,,6.58,,14.2,4.7,5.94,6.2
Polymeric,HD: 156,-38.4,100 mm3=0.1 cm3,11.65,,16.11,7.3,14.42,13.1
,,,,11.29,,19.4,12.3,13.14,12.5
,,,,12.38,,20.78,7.1,10.49,13.4
,,,,8.85,,25.34,6.5,9.22,10.9
,,,,6.9,,15.27,6,8.16,8.3
,,,,4.59,,18.23,5.4,5.83,6.7
Polymeric,HD: 456.5,-25.1,100 mm3=0.1 cm3,3.06,,21.31,17,16.01,12.3
,,,,6.35,,24.17,18.8,15.8,14.3
,,,,5.01,,28.41,15.5,13.04,10.7
,,,,5.2,,26.61,11.3,12.3,9.4
,,,,4.28,,24.49,8,11.98,9.1
,,,,0.57,,20.35,7.7,9.65,8
Polymeric,HD: 150.1,14.8,100 mm3=0.1 cm3,2.98,,45.05,24.21,2.75,2.41
,,,,3.7,,43.6,21,3.63,3.17
,,,,3.62,,38.62,17.9,5.5,1.19
,,,,3.06,,32.18,14.48,6.49,0.88
,,,,1.66,,30.52,10.76,7.47,0.81
,,,,0.26,,17.23,9.21,1.14,0.03
Polymeric,HD: 150.6,25.5,100 mm3=0.1 cm3,4.05,,45.67,23.79,3.06,2.66
,,,,5.61,,44.01,22.24,4.1,3.31
,,,,4.51,,40.28,18,5.55,1.09
,,,,3.48,,33.43,13.45,7.63,0.74
,,,,3.8,,30.31,9.62,8.77,0.91
,,,,0.12,,20.14,6.62,1.09,0.03
Polymeric,HD: 152.7,34.6,100 mm3=0.1 cm3,4.57,,44.43,24.72,2.96,2.29
,,,,7.77,,41.73,18.93,4.57,2.86
,,,,6.23,,39.65,18.52,5.66,1.14
,,,,5.53,,32.6,14.07,8.36,0.76
,,,,4.43,,30.1,10.03,10.43,0.79
,,,,0.34,,17.65,7.24,1.19,0.03
Polymeric,HD: 300.7,24.4,100 mm3=0.1 cm3,2.04,,51.9,16.86,2.96,2.34
,,,,3.54,,49.62,16.14,4.1,2.9
,,,,3.62,,45.26,15.21,5.55,1.17
,,,,2.76,,35.29,13.76,7.73,0.72
,,,,1.54,,30.31,10.45,8.88,0.79
,,,,0.16,,16.4,9.93,1.19,0.05
Polymeric,HD: 40,-4,100 mm3=0.1 cm3,0.17,,1.06,0.11,,0.37
,,,,0.46,,1.43,0.13,,0.62
,,,,0.57,,1.94,0.23,,0.74
,,,,1.12,,10.67,0.4,,0.79
,,,,1.3,,8.74,0.91,,0.77
,,,,0.52,,4.72,0.44,,0.36
Polymeric,HD: 399,38.1,~1800 mm3 = 1.8 cm3,4.36,0.0732,35.93,3.45,1.64,3.45
,,,,4.59,0.0599,33,3.08,1.2,3.32
,,,,3.41,0.0452,29.01,2.95,0.99,2.45
,,,,4.48,0.0146,14.02,0.51,0.24,0.43
Polymeric,TEM: 242; HD: 276,16.4,~1800 mm3 = 1.8 cm3,5.67,0.0492,34.13,3.22,1.89,2.69
,,,,5.77,0.02,19.45,2.92,1.33,2.55
,,,,4.78,0.0213,25.68,3.15,1.15,1.67
,,,,4.49,0.0652,21.58,2.38,3.11,0.77
Other-Graphene,TEM: 40; HD: 37,-2,150-200 mm3 ~ 0.175 cm3,1.05,,18.6,,,
,,,,1.19,,17,,,
,,,,1.19,,16.97,,,
,,,,1.01,,13.65,,,
,,,,0.96,,13.73,,,
,,,,0.85,,11.68,,,
Other-Graphene,TEM: 40; HD: 26.2,-16.4,150-200 mm3 ~ 0.175 cm3,0.7,,18.12,,,
,,,,0.57,,14.08,,,
,,,,0.64,,14.46,,,
,,,,0.46,,10.56,,,
,,,,0.43,,10.56,,,
,,,,0.35,,8.28,,,
Other-Graphene,TEM: 20; HD: 21.9,-9.46,150-200 mm3 ~ 0.175 cm3,1.22,,16.84,,,
,,,,1.12,,15.88,,,
,,,,0.95,,13.8,,,
,,,,0.84,,13.02,,,
,,,,0.73,,12.41,,,
Other-Graphene,TEM: 20; HD: 27,-0.08,150-200 mm3 ~ 0.175 cm3,0.44,,21.03,,,
,,,,0.45,,17.11,,,
,,,,0.41,,15.25,,,
,,,,0.47,,13.31,,,
,,,,0.51,,12.06,,,
Other-Graphene,TEM: 50; HD: 90,-30,200 mm3 = 0.2 cm3,4.19,2.953,28.05,21.1,2.93,16.07
,,,,11.76,4.9396,23.91,32.12,6.04,14.11
,,,,14.6,5.1007,22.3,30.02,5.59,15.34
,,,,14.09,4.5638,18.39,26.09,3.66,10.06
,,,,11.28,2.8456,14.71,21.89,2.66,6.99
,,,,2.16,1.2349,7.13,6.03,0.18,1.35
Other-Graphene,TEM: 35; HD: 27.7,-9.46,60 mm3 = 0.06 cm3,0.3,,23.78,,,
,,,,0.3,,20.59,,,
,,,,0.27,,19.47,,,
,,,,0.21,,16.29,,,
,,,,0.22,,15.16,,,
,,,,0.16,,10.8,,,
Other-Graphene,TEM: 35; HD: 32.9,-5,60 mm3 = 0.06 cm3,0.47,,25.21,,,
,,,,0.59,,18.72,,,
,,,,0.55,,17.29,,,
,,,,0.41,,14.41,,,
,,,,0.34,,13.92,,,
,,,,0.22,,10.17,,,
Other-Graphene,TEM: 30; HD: 27,-0.08,150-200 mm3 ~ 0.175 cm3,0.79,,10.83,,,
,,,,0.94,,11.54,,,
,,,,1.22,,10.5,,,
,,,,0.94,,8.15,,,
Other-Graphene,TEM: 30; HD: 21.9,-9.46,150-200 mm3 ~ 0.175 cm3,0.61,,12.83,,,
,,,,0.68,,12.14,,,
,,,,0.77,,12,,,
,,,,0.6,,11.88,,,
Other-SWCNT,TEM: 200; HD: 200,,200-300 mm3 ~ 0.25 cm3,0.39,,36.6,,,
,,,,0.56,,38.61,,,
,,,,0.77,,38.14,,,
,,,,0.91,,31.17,,,
,,,,0.8,,30.7,,,
Other-SWCNT,TEM: 200; HD: 200,,200-300 mm3 ~ 0.25 cm3,0.51,,,,,
,,,,0.91,,,,,
,,,,1.23,,,,,
,,,,1.42,,,,,
,,,,1.46,,,,,
Other-SWCNT,TEM: 200; HD: 200,,200-300 mm3 ~ 0.25 cm3,0.36,,20.31,,,
,,,,0.79,,22.67,,,
,,,,1.16,,23.49,,,
,,,,1.26,,17.95,,,
,,,,1.29,,17.83,,,
Other-SWCNT,TEM: 200; HD: 200,,200-300 mm3 ~ 0.25 cm3,1.4,,,,,
,,,,2.79,,,,,
,,,,3.58,,,,,
,,,,3.98,,,,,
,,,,3.99,,,,,
Liposome,HD: 96.4,-59.4,400-600 mm3 ~ 0.5 cm3,0.61,,13.17,1.86,,7.12
,,,,0.5,,14.83,2.3,,6.64
,,,,0.61,,15.47,2.59,,6.64
,,,,1.03,,17,2.96,,7.05
,,,,1.1,,17.64,2.97,,6.22
,,,,1.52,,18.92,3.83,,6.22
,,,,1.72,,20.84,3.89,,5.12
,,,,2,,23.9,2.7,,4.56
,,,,1.8,,22.88,2.23,,3.66
,,,,1.43,,18.79,2.03,,2.28
Liposome,HD: 79.1,-36.1,60-100 mm3 ~ 0.08 cm3,0.03,,3.65,0.57,0.6,
,,,,0.09,,11.78,0.12,0.71,
,,,,0.1,,7.41,0.64,0.77,
,,,,0.18,,7.61,0.14,0.37,
,,,,0.18,,7.21,0.53,0.3,
,,,,0.13,,3.85,0.11,0.19,
,,,,0.16,,3.85,0.14,0.13,
,,,,0.12,,2.05,0.22,0.1,
Liposome,HD: 79.1,-36.1,0.07,0.03,,4.65,0.06,0.64,
,,,,0.17,,2.85,0.08,0.51,
,,,,0.28,,5.64,0.44,0.79,
,,,,0.45,,4.79,0.05,0.37,
,,,,0.5,,5.64,0.3,0.3,
,,,,0.46,,2.23,0.02,0.19,
,,,,0.44,,1.44,0.04,0.13,
,,,,0.27,,0.93,0.13,0.13,
Liposome,HD: 386,20,0.6,1.79,0.054,19.25,0.65,0.15,0.72
,,,,1.79,0.048,17.1,0.49,0.12,0.57
,,,,1.79,0.024,8.37,0.1,0.02,0.3
Liposome,HD: 120,0,0.141,0.4,0.6384,9.52,1.93,1.11,2.36
,,,,1.5,,,,,
,,,,1.1,0.5453,13.98,2.04,0.66,2.03
,,,,1.1,0.3325,7.29,1.33,0.44,1.67
Liposome,HD: 25,-3,~65 mm3 ~ 0.065 cm3,0.13,1.7492,28.21,1.67,1.94,3.07
,,,,0.09,1.531,27.96,1.39,1.29,2.58
,,,,0.1,0.7217,34.73,1.21,0.86,2.25
Liposome,HD: 51,-4,~65 mm3 ~ 0.065 cm3,0.06,0.7546,16.2,1.18,0.96,2.65
,,,,0.05,1.2701,19.08,1.05,1.02,2.08
,,,,0.06,0.4753,40.09,1.09,0.45,1.41
Liposome,HD: 93,-6,~65 mm3 ~ 0.065 cm3,0.06,1.2176,21.29,1.78,1.31,2.65
,,,,0.04,1.2875,22.79,1.72,1.11,1.83
,,,,0.1,0.933,34.05,1.75,0.72,2.54
Liposome,HD: 225,,0.256,0.26,,10.75,1.45,0.59,3.73
,,,,0.89,,15.2,2.06,0.23,1.94
,,,,0.71,,12.23,1.8,0.05,1.18
,,,,0.84,,12.83,1.71,0.1,0.68
,,,,1.18,,14.11,1.63,0.04,1
Liposome,HD: 168,,0.256,0.38,,7.89,1.08,0.27,3.23
,,,,0.6,,13.12,1.09,0.26,1.9
,,,,0.56,,9.08,0.86,0.08,1.09
,,,,0.38,,4.83,0.76,0.01,0.07
Liposome,HD: 118,0,20 mm3 x 3 = 0.06 cm3,0.12,,15.89,1.39,,0.27
,,,,0.17,,16.88,1.5,,0.27
,,,,0.5,,17.68,1.08,,0.21
,,,,0.51,,32.57,1.52,,0.21
,,,,0.59,,30.19,3.97,,0.11
,,,,0.76,,26.62,6.28,,0.05
,,,,0.35,,4.97,7.46,,0.05
Liposome,HD: 200,-2,~0.4 cm3,1.51,0.0288,1.52,0.15,0.08,0.35
,,,,1.92,0.0345,2.29,0.2,0.1,0.62
,,,,1.08,0.046,3.17,0.45,0.09,0.54
,,,,0.35,0.0249,6.6,0.62,0.08,0.24
,,,,0.08,0.0211,8.42,0.52,0.05,0.11
Liposome,HD: 100,0,1000-1500 mm3 ~ 1.25 cm3,0.72,,9.9,0.25,,0.66
,,,,0.63,,8.85,0.5,,0.69
,,,,0.84,,7.26,0.88,,0.98
,,,,1,,9.31,0.65,,0.92
,,,,0.93,,6.1,0.49,,0.7
,,,,1.52,,10.28,0.62,,0.93
,,,,1.71,,9.9,0.71,,0.87
,,,,1.48,,4.59,0.6,,0.68
,,,,1.24,,2.5,0.3,,0.39
,,,,0.7,,0.73,0.18,,0.12
,,,,0.28,,,0.05,,0.05
Hydrogel,HD: 200.8,-14,100-150 mm3 ~ 0.125 cm3,0.01,,,,,
,,,,0.02,,,,,
,,,,0.08,,,,,
,,,,0.06,,,,,
Hydrogel,HD: 217.4,-13.5,100-150 mm3 ~ 0.125 cm3,0.01,,,,,
,,,,0.04,,,,,
,,,,0.09,,,,,
,,,,0.06,,,,,
Hydrogel,HD: 225.8,-13.1,100-150 mm3 ~ 0.125 cm3,0.02,,,,,
,,,,0.07,,,,,
,,,,0.15,,,,,
,,,,0.13,,,,,
Hydrogel,HD: 241.7,-10.8,100-150 mm3 ~ 0.125 cm3,0.01,,,,,
,,,,0.04,,,,,
,,,,0.12,,,,,
,,,,0.09,,,,,
Hydrogel,TEM: 50; HD: 78,-45,50 mm3 = 0.05 cm3,0.21,0.3949,15.35,0.59,0.88,2.69
,,,,0.24,0.243,11.44,0.57,0.56,2.76
,,,,0.16,0.216,10.67,0.59,0.83,1.31
,,,,0.22,0.2667,11.11,0.71,0.77,1.14
,,,,0.12,0.2093,10.13,0.77,0.63,0.49
,,,,0.07,0.2633,9.69,0.67,0.46,0.25
,,,,0.09,0.0979,6.99,0.67,0.18,0.26
Hydrogel,TEM: 80; HD: 87.5,-30,50 mm3 = 0.05 cm3,0.27,0.2277,22.44,1.54,0.33,0.9
,,,,0.35,0.2847,20.67,1.56,0.46,0.85
,,,,0.47,0.2941,19.51,0.99,0.31,0.78
,,,,0.56,0.5314,16.55,0.78,0.23,0.79
Hydrogel,TEM: 120; HD: 146,9,70 mm3 = 0.07 cm3,0.14,0.3216,13.86,1.1,2.16,1.93
,,,,0.22,0.2613,19.29,1.37,1.78,2.77
,,,,0.3,0.2613,22.51,1.73,2.24,2.51
,,,,0.27,0.2714,13.93,1.99,0.99,2.32
,,,,0.2,0.3417,13.78,1.36,0.8,1.12
,,,,0.22,0.3015,11.02,1.58,0.56,0.58
Hydrogel,TEM: 120; HD: 138.5,9,70 mm3 = 0.07 cm3,0.18,0.1782,16.14,0.77,1.36,1.1
,,,,0.35,0.2079,18.78,1.62,1.65,2.22
,,,,0.37,0.1584,19.83,1.29,1.88,3.35
,,,,0.41,0.1386,16.29,1.02,1.25,3.08
,,,,0.2,0.0693,13.57,1.47,0.69,1.92
,,,,0.19,0.0693,15.01,1.18,0.55,1.08
Hydrogel,HD: 200,-14.6,200 mm3 = 0.2 cm3,0.54,0.0447,33.4,23.35,0.39,3.2
,,,,0.51,0.1251,32.2,17.95,0.52,3.56
,,,,0.82,0.2458,13.3,15.25,0.34,2.56
Hydrogel,HD: 132.6,-24.6,150 mm3 = 0.15 cm3,2.28,0.3427,93.47,2.92,0.57,7.68
,,,,1.61,0.1285,83.03,3.62,0.88,7.85
,,,,1.01,0.1071,80.26,3.43,0.61,7.68
,,,,1.1,0.1071,88.9,3.38,0.29,6.97
,,,,0.76,0.0857,52.53,2.99,0.19,6.57
,,,,0.46,0.0857,77.81,4.34,0.21,7.99
Hydrogel,HD: 179,-22.3,150 mm3 = 0.15 cm3,2.37,0.4077,115.57,4.67,0.65,5.94
,,,,2.9,0.1747,109.58,11.84,0.31,7.68
,,,,1.33,0.1747,93.83,10.82,0.88,7.02
,,,,1.13,0.0874,84.07,9.68,0.31,5.52
,,,,1.46,0.0874,68.77,7.29,0.34,6.18
,,,,1.27,0.0582,81.19,10.98,0.28,6.3
Hydrogel,HD: 230.8,-18.1,150 mm3 = 0.15 cm3,2.4,0.5936,84.14,3.92,0.77,5.3
,,,,3.51,0.1649,122.31,8.3,1.19,7.81
,,,,4.15,0.0989,86.4,7.67,0.71,6.86
,,,,2.49,0.0989,92.17,8.28,0.58,8.9
,,,,1.85,0.0989,57.51,7.41,0.42,6.52
,,,,2.31,0.0989,72.08,7.96,0.32,7.34
Hydrogel,TEM: 100; HD: 132,-34.2,150 mm3 = 0.15 cm3,0.87,0.3308,15.4,0.66,1.17,4.72
,,,,0.81,0.5982,12.85,0.52,0.82,3.44
,,,,0.75,0.8588,11.48,0.57,0.68,2.92
,,,,0.76,0.4612,8.48,0.53,0.5,2.33
,,,,0.6,0.3542,6.57,0.31,0.52,1.45
,,,,0.63,0.2439,5.12,0.22,0.3,1.33
Hydrogel,TEM: 192; HD: 193,-25.7,100 mm3=0.1 cm3,0.26,0.92,17.21,0.59,0.87,5.16
,,,,0.35,0.6085,12.3,0.74,1.03,3.31
,,,,0.3,0.3912,9.46,0.66,0.68,2.27
,,,,0.22,0.355,5.93,0.81,0.58,1.19
,,,,0.22,0.2608,4.03,0.89,0.44,1.1
,,,,0.12,0.2354,2.68,0.51,0.11,0.32
,,,,0.08,0.1594,2.15,0.47,0.12,0.32
Dendrimer,HD: 8,-1.3,~1.75 cm3 (from Wilhelm 2016),1.63,0.8112,19.37,0.49,0.88,6.05
,,,,4.77,0.718,7.56,0.36,0.95,5.24
,,,,6.41,0.6577,7.01,0.24,0.62,3.41
,,,,13.61,0.5481,6.85,0.23,0.46,3.6
,,,,8.97,0.2795,7.22,0.19,0.25,2.77
,,,,10.54,0.2192,9.68,0.52,0.19,1.92
Polymeric,HD: 6.6,-1.46,~1.75 cm3 (from Wilhelm 2016),2.4,0.4824,4.27,0.34,0.9,4.37
,,,,4.46,0.2307,2.16,0.24,0.37,2.35
,,,,3.98,0.1337,1.4,0.12,0.25,1.07
,,,,5.49,0.0734,0.7,0.06,0.11,0.73
,,,,0.14,0.0105,0.22,0.01,0.02,0.31
,,,,0.17,0.0105,0.1,0.05,0.01,0.16
Polymeric,HD: 6,2.28,~1.75 cm3 (from Wilhelm 2016),1.23,0.4062,33.89,0.69,0.77,19.19
,,,,1.23,0.2739,38.71,0.73,0.34,16.72
,,,,1.84,0.1511,40.94,0.65,0.21,15.96
,,,,1.38,0.1322,41.66,0.38,0.25,13.39
,,,,1.38,0.0567,36.76,0.42,0.15,11.4
,,,,0.61,0.0378,17.48,0.49,0.08,8.39
Dendrimer,HD: 5.85,19.77,100 mm3=0.1 cm3,0.27,,,,,
,,,,0.26,,,,,
,,,,0.25,,,,,
,,,,0.28,,,,,
,,,,0.27,,,,,
,,,,0.26,,,,,
Dendrimer,HD: 16.92,-6.51,100 mm3=0.1 cm3,0.34,,,,,
,,,,0.32,,,,,
,,,,0.65,,,,,
,,,,1.3,,,,,
,,,,1.59,,,,,
,,,,1.75,,,,,
Dendrimer,HD: 5,,0.9 cm3,1.68,0.7024,8.16,0.5,1.31,5.31
,,,,3.65,0.4145,3.6,0.27,0.54,2.11
,,,,2.52,0.2303,3.07,0.25,0.26,1.47
,,,,2.52,0.2418,3.07,0.39,0.26,1.68
,,,,1.78,0.1727,2.63,0.22,0.17,1.09
Dendrimer,HD: 5,,0.9 cm3,1.36,1.0752,10.32,0.8,1.28,2.68
,,,,6.46,0.7056,10.41,0.66,0.78,3.58
,,,,7.37,0.56,12.54,0.59,0.27,3.69
,,,,9.64,0.6272,15.95,0.64,0.31,2.03
,,,,6.28,0.6272,11.77,0.45,0.25,1.29
Other-VNP,HD: 95,-36,~200 mm3 = 0.2 cm3 (from Wilhelm 2016),0.03,0.0093,41.11,3.56,0.05,0.08
,,,,0.09,0.0253,9.71,2.53,0.06,0.21
,,,,0.01,0.0027,0.61,1.05,0.01,0.05
Polymeric,HD: 16.4,-19.2,~1.75 cm3 (from Wilhelm 2016),2.77,1.3953,10.6,0.37,2.75,8.7
,,,,6.19,1.3837,8.17,0.33,2,5.28
,,,,7.33,1.2558,7.02,0.29,1.94,4.78
,,,,7.33,0.8023,6.64,0.25,1.22,3.88
,,,,4.88,0.3256,4.85,0.26,0.68,2.37
,,,,1.14,0.1977,2.81,0.38,0.19,1.28
Other-Anticancer drug,HD: 163,-4.34,100 mm3=0.1 cm3,2.08,0.4551,17.73,0.47,0.72,0.98
,,,,2.85,0.4551,17.01,0.56,0.82,1.33
,,,,3.26,0.3783,21.47,0.72,1.05,1.68
,,,,3.64,0.5574,20.77,0.75,1.23,1.69
,,,,4.08,0.5247,18.87,0.65,0.86,1.66
Other-Anticancer drug,HD: 221,-4.34,100 mm3=0.1 cm3,1.78,0.4445,19.91,0.49,0.86,0.83
,,,,2.44,0.4551,20.64,0.56,1.15,1.22
,,,,2.84,0.4149,26.11,0.73,1.06,1.66
,,,,2.84,0.5817,23.49,0.84,1.37,1.71
,,,,3.14,0.5613,20.72,0.72,0.91,1.66
Other-Anticancer drug,HD: 324,-4.34,100 mm3=0.1 cm3,1.55,0.4445,21.44,0.46,0.95,0.78
,,,,2.08,0.4551,21.6,0.54,1.22,1.16
,,,,2.29,0.4271,28.44,0.72,1.18,1.53
,,,,2.52,0.5999,24.6,0.86,1.55,1.59
,,,,2.66,0.5613,23.7,0.75,1.04,1.68
Other-Anticancer drug,HD: 402,-4.34,100 mm3=0.1 cm3,1.38,0.4445,27.97,0.5,1.03,0.78
,,,,1.8,0.4974,27.25,0.7,1.29,1.11
,,,,1.91,0.4759,35.41,0.77,1.38,1.46
,,,,2.16,0.618,31.98,0.92,1.57,1.55
,,,,2.44,0.5491,36.9,0.81,1.23,1.48
Other-SLN,HD: 85.8,71.3,50-100 mm3 = 0.075 cm3,0.16,0.4994,39.44,2.51,1.08,4.87
,,,,0.19,0.3543,40.48,1.8,1.15,1.24
,,,,0.1,0.0498,7.09,0.19,0.09,0.09
Other-SLN,HD: 134.7,0.6,50-100 mm3 = 0.075 cm3,0.23,0.4206,42.04,2.62,1.88,5.04
,,,,0.34,0.4633,26.99,1.95,1.41,1.46
,,,,0.43,0.0648,4.1,0.15,0.12,0.18
Other-SLN,HD: 168.2,-0.8,50-100 mm3 = 0.075 cm3,0.2,0.3943,34.03,2.7,1.52,4.39
,,,,0.36,0.4633,24.7,1.5,1.07,0.84
,,,,0.46,0.0548,3.3,0.11,0.07,0.09
Other-SLN,TEM: 358; HD: 387,-46.6,0.9 cm3,0.11,0.004,1.6,0.02,0.72,0.09
,,,,0.14,0.004,1.43,0.09,0.89,0.33
,,,,0.38,0.0013,2.24,0.19,0.13,0.12
Polymeric,HD: 164.7,-30.5,100 mm3=0.1 cm3,0.25,0.0632,6.94,0.4,0.25,1.04
,,,,0.34,0.0512,4.38,0.49,0.3,1.36
,,,,0.46,0.0361,3.07,0.29,0.2,0.98
,,,,0.62,0.0211,1.88,0.17,0.1,0.36
Polymeric,HD: 175.3,-27.2,100 mm3=0.1 cm3,0.44,0.0481,3.83,0.33,0.16,0.76
,,,,0.58,0.0361,4.61,0.28,0.07,1.13
,,,,0.65,0.0271,2.36,0.18,0,0.56
,,,,0.74,0.015,1.26,0.09,0,0.24
Polymeric,HD: 171.7,-32.8,100 mm3=0.1 cm3,0.39,0.037,5.15,0.37,0.15,0.79
,,,,0.47,0.0337,3.9,0.42,0.21,1.18
,,,,0.54,0.0236,2.54,0.24,0.13,0.73
,,,,0.7,0.0034,1.49,0.12,0.02,0.26
Polymeric,HD: 186.9,-29.5,100 mm3=0.1 cm3,0.76,0.0303,3.92,0.31,0.05,0.64
,,,,0.84,0.0269,2.67,0.24,0.06,0.89
,,,,0.94,0.0168,1.41,0.13,0.01,0.46
,,,,1.01,0,0.44,0.06,0,0.1
Polymeric,HD: 134,,100 mm3=0.1 cm3,0.03,0.5713,37.07,2.83,0.48,1.26
,,,,0.05,0.0846,9.99,0.84,0.19,0.83
,,,,0.02,0.1693,3.55,0.57,0.08,0.48
Other-Albumin,TEM: 158.2; HD: 158.2,-18.1,100 mm3=0.1 cm3,2.13,,,,,
,,,,1.08,,,,,
,,,,0.73,,,,,
Other-Albumin,TEM: 147.6; HD: 147.6,-20.5,100 mm3=0.1 cm3,4.77,,,,,
,,,,1.47,,,,,
,,,,1.07,,,,,
Polymeric,HD: 174,-22.9,50 mm3 = 0.05 cm3,0.04,0.0228,0.56,0.02,0.09,0.16
,,,,0.07,0.0101,0.43,0.01,0.06,0.05
,,,,0.06,0.0061,0.38,0.01,0.06,0.04
,,,,0.06,0.0039,0.27,0.01,0.04,0.03
,,,,0.05,0.002,0.21,0.01,0.03,0.02
,,,,0.04,0.0017,0.16,0,0.02,0.02
,,,,0.02,9e-4,0.03,0,0,0.01
,,,,0.02,0.0011,0.02,0,0,0
,,,,0.01,6e-4,0.01,0,0,0
Polymeric,HD: 98,-3.4,60 mm3 = 0.06 cm3,0.24,,,,,
,,,,0.13,,,,,
,,,,0.11,,,,,
Polymeric,HD: 94,-3.4,60 mm3 = 0.06 cm3,1.15,,,,,
,,,,1.23,,,,,
,,,,0.4,,,,,
Polymeric,HD: 104,-3.4,60 mm3 = 0.06 cm3,1.89,,,,,
,,,,2.03,,,,,
,,,,0.62,,,,,
Polymeric,HD: 96,-3.4,60 mm3 = 0.06 cm3,4.47,,,,,
,,,,3.51,,,,,
,,,,1.32,,,,,
Polymeric,HD: 103,-3.4,60 mm3 = 0.06 cm3,14.65,,,,,
,,,,6.93,,,,,
,,,,2.72,,,,,
Polymeric,HD: 185.9,-24.7,60 mm3 = 0.06 cm3,0.01,,3.93,0.33,,0.15
,,,,0.04,,4.25,0.3,,0.24
,,,,0.08,,3.53,0.28,,0.45
,,,,0.13,,3.71,0.25,,0.58
,,,,0.19,,2.62,0.21,,0.47
,,,,0.16,,2.22,0.16,,0.48
,,,,0.14,,1.71,0.12,,0.37
,,,,0.12,,1.2,0.08,,0.25
Polymeric,HD: 176.6,-23.1,60 mm3 = 0.06 cm3,0.003,,5.28,0.41,,0.22
,,,,0.02,,4.92,0.45,,0.36
,,,,0.04,,4.23,0.38,,0.72
,,,,0.07,,3.64,0.32,,0.62
,,,,0.1,,2.4,0.25,,0.5
,,,,0.1,,2.7,0.19,,0.35
,,,,0.09,,1.89,0.12,,0.39
,,,,0.04,,1.49,0.07,,0.22
Polymeric,HD: 108,-2.3,100 mm3=0.1 cm3,0.15,,2.37,0.71,0.73,0.68
,,,,0.38,,3.83,0.61,0.41,1
,,,,0.35,,6.13,1.33,0.74,1.02
,,,,0.45,,9.48,0.81,0.63,1.23
,,,,2.78,,7.74,1.8,0.47,1.58
,,,,1.08,,3.69,1.39,0.18,0.79
Polymeric,HD: 49.9,0.09,100 mm3=0.1 cm3,0.03,,2.7,0.04,0.07,0.35
,,,,0.22,,5.41,0.16,0.19,1.71
,,,,0.39,,17.99,1.01,0.31,2.07
,,,,0.6,,20.42,1.36,0.31,3.66
,,,,0.5,,19.39,1.33,0.22,3.88
,,,,0.41,,8.48,0.81,0.13,1.21
,,,,0.18,,3.54,0.37,0.11,0.66
Polymeric,TEM: 18.6,-19.7,400 mm3 = 0.4 cm3,0.86,0.1231,4.27,0.14,0.26,0.87
,,,,1.01,0.052,5,0.19,0.3,0.64
,,,,1.01,0.0438,5.31,0.22,0.28,0.57
Polymeric,TEM: 22,-16.8,400 mm3 = 0.4 cm3,1.17,0.1121,5,0.16,0.33,0.78
,,,,1.55,0.052,5.67,0.23,0.39,0.62
,,,,1.62,0.0438,6.02,0.27,0.42,0.62
Liposome,TEM: 150; HD: 157.7,-17.4,100 mm3=0.1 cm3,0.03,0.5039,29.14,1.07,0.24,0.44
,,,,0.02,0.0361,25.13,0.8,0.16,0.16
,,,,0.01,0.0215,19.48,0.57,0.03,0.07
Polymeric,HD: 43,,100 mm3=0.1 cm3,0.23,,,,,
,,,,0.6,,,,,
,,,,0.48,,,,,
,,,,0.29,,,,,
Other-MWCNT,HD: 230.4,,100 mm3=0.1 cm3,3.79,8.4848,32.81,9.29,,10.51
,,,,5.5,7.6768,30.79,7.92,,8.48
,,,,7.38,6.9495,28.44,6.63,,9.62
,,,,7.66,4.202,22.63,2.59,,7.92
Other-MWCNT,HD: 230.1,-10,100 mm3=0.1 cm3,3.96,8.7273,33.05,9.45,,10.59
,,,,5.67,8,29.74,8.16,,8.81
,,,,7.6,7.1111,27.8,6.71,,9.94
,,,,7.66,5.0101,22.06,2.34,,8.16
Other-MWCNT,HD: 241,0,100 mm3=0.1 cm3,3.73,9.1313,38.38,9.29,,12.44
,,,,5.27,8.0808,31.43,7.11,,9.37
,,,,6.41,7.596,28.28,6.06,,10.34
,,,,7.21,5.1717,22.3,2.26,,8.32
Other-MWCNT,HD: 242.3,3.8,100 mm3=0.1 cm3,9.43,12.4444,38.71,1.29,,12.53
,,,,12.56,10.5051,36.77,3.56,,14.55
,,,,14.04,8.9697,32.16,2.59,,18.67
,,,,18.42,5.3333,28.28,2.67,,16.97
Other-MWCNT,HD: 240.3,-10,100 mm3=0.1 cm3,9.6,13.0909,38.87,1.54,,12.85
,,,,11.53,12.202,36.77,3.56,,18.02
,,,,14.89,9.2121,32.81,2.67,,19.07
,,,,18.7,5.2525,28.36,2.91,,17.45
Other-HA NPs,HD: 206.4,-20,300 mm3 = 0.3 cm3,0.66,,,,,
,,,,0.79,,,,,
,,,,0.97,,,,,
,,,,0.47,,,,,
Dendrimer,HD: 7.7,,50 mm3 = 0.05 cm3,2.08,,18.75,13.75,,51.25
,,,,8.4,,10.4,12,,35.2
,,,,6.37,,2.79,0.8,,25.07
Dendrimer,HD: 7.7,,50 mm3 = 0.05 cm3,5.37,,34.58,23.75,,58.33
,,,,7.95,,22,14.8,,46
,,,,10.94,,19.1,4.38,,33.83
Dendrimer,HD: 7.7,,50 mm3 = 0.05 cm3,6.91,,40.83,30,,60.83
,,,,10.15,,36.4,20,,55.6
,,,,13.86,,12.74,10.35,,48.56
Polymeric,TEM: 29.9; HD: 49.5,-1.3,100 mm3=0.1 cm3,0.26,0,5.14,0.34,0.94,1.8
,,,,0.39,0,5.05,0.4,0.63,1.22
,,,,0.7,0,5.02,0.61,0.58,1.33
,,,,1,0,6.87,0.77,0.57,1.22
,,,,1.04,0,4.8,0.82,0.25,0.9
,,,,0.46,0,3.04,0.59,0.22,0.68
Polymeric,TEM: 90; HD: 115,-20,20 mm3 = 0.02 cm3,0.06,0.0301,18.03,1.78,0.21,0.07
,,,,0.02,0.0195,15.44,2.01,0.17,0.06
,,,,0.02,0.021,16.84,1.68,0.14,0.05
,,,,0.01,0.0165,12.26,2.19,0.26,0.15
,,,,0.01,0.0165,14.12,1.67,0.17,0.1
Liposome,HD: 103.9,-15,~70 mm3 = 0.07 cm3,0.27,0.6371,5.38,0.47,0.68,1.21
,,,,0.43,0.5413,5.02,0.39,0.92,1.04
,,,,0.27,0.3072,2.36,0.25,0.36,0.54
,,,,0.19,0.1397,1.2,0.13,0.24,0.39
,,,,0.09,0.1091,0.86,0.08,0.14,0.25
Liposome,HD: 102.5,-39.5,~70 mm3 = 0.07 cm3,0.26,0.4296,6.99,0.43,0.61,1.02
,,,,0.35,0.4934,9.35,0.53,0.69,1.44
,,,,0.23,0.1889,6.78,0.28,0.26,0.55
,,,,0.2,0.1929,3.5,0.21,0.21,0.47
,,,,0.08,0.0732,1.12,0.05,0.09,0.19
Polymeric,HD: 35,-4,100 mm3=0.1 cm3,0.38,0.3019,18.4,0.65,0.84,2.67
,,,,0.38,0.0863,86.08,2.92,0.34,0.89
,,,,0.17,0.0863,46,2.65,0.21,0.44
Polymeric,HD: 100,-4,100 mm3=0.1 cm3,0.19,0.2324,7.9,0.43,0.28,1.8
,,,,0.49,0.1251,12.93,0.84,0.24,1.29
,,,,1.46,0.1251,20.97,1.91,0.17,1.1
Polymeric,HD: 110,-4,100 mm3=0.1 cm3,0.34,0.4156,6.33,1.48,0.68,2.23
,,,,0.9,0.3325,14.56,2.05,0.38,1.88
,,,,1.39,0.1385,24.06,3.2,0.16,1.77
Polymeric,HD: 100,-4,100 mm3=0.1 cm3,0.35,0.3863,6.73,1.5,0.7,2.22
,,,,0.91,0.3035,14.29,2.05,0.38,1.88
,,,,1.38,0.138,24.38,3.21,0.19,1.82
Polymeric,HD: 150,-4,100 mm3=0.1 cm3,0.22,0.327,7.89,3.3,0.85,2.47
,,,,0.77,0.3816,31.97,12.64,0.48,1.68
,,,,1.54,0.218,52.31,20.37,0.37,1.35
Polymeric,HD: 107.8,,60-90 mm3 = 0.075 cm3,0.22,0.3762,5.31,0.14,0.25,1.06
,,,,0.29,0.2994,2.7,0.07,0.12,0.7
,,,,0.38,0.348,3.12,0.05,0.09,0.62
,,,,0.25,0.0691,1.52,0.03,0.03,0.51
"Other-10-HCPT anticancer drug/ 
Polymeric",TEM: 16; HD: 25,,~250 mm3 = 0.25 cm3,1.54,0.318,38.78,2.24,0.66,1.48
,,,,1.83,0.1651,45.34,4.56,0.2,0.73
,,,,0.7,0.1121,46.89,4.95,0.15,0.66
Polymeric,HD: 115,-31.8,100 mm3=0.1 cm3,0.02,0.0291,27.15,0.33,0.05,1.89
,,,,0.08,0.0213,23.39,0.12,0.02,0.17
,,,,0.08,0.0174,19.63,0.06,0.01,0.12
,,,,0.08,0.0118,1.5,0.02,0.01,0.06
,,,,0.08,0.0049,0.26,0,0.01,0.04
Other-Albumin,HD: 113.3,10,150-200 mm3 = 0.175 cm3,0.06,0.0815,3.29,0.21,0.28,0.29
,,,,0.44,0.1233,3.22,0.29,0.43,0.21
,,,,1.33,0.1321,3.57,0.19,0.4,0.17
,,,,2.65,0.0595,2.31,0.07,0.23,0.07
Dendrimer,TEM: 140,21.7,100 mm3=0.1 cm3,0.06,,,,,
,,,,0.05,,,,,
,,,,0.04,,,,,
,,,,0.02,,,,,
,,,,0.01,,,,,
Dendrimer,HD: 6.7,16.3,100 mm3=0.1 cm3,3.53,2.1635,6.37,2.22,2.34,6.13
,,,,4.2,1.0216,2.28,0.3,1.5,5.23
,,,,4.82,2.1816,6.43,2.3,2.42,6.13
,,,,5.26,1.1203,2.36,0.35,1.53,5.31
Other-PMCN,HD: 69.1,36.7,100 mm3=0.1 cm3,13.76,3.0649,7.99,2.34,3.25,9.56
,,,,15.45,0.7813,3.97,0.72,1.92,7.75
,,,,16.79,3.125,8.02,2.36,3.3,9.55
,,,,18.07,0.8844,4.07,0.88,2,7.84
Polymeric,HD: 180,34.4,250-300 mm3 = 0.275 cm3,0.25,0.0295,5.32,0.36,1.2,0.15
,,,,0.3,0.0576,6.26,0.43,1.28,0.5
,,,,0.25,0.0319,7.63,0.52,1.29,0.14
,,,,0.24,0.0144,4.02,0.15,0.6,0.56
Polymeric,TEM: 149; HD: 152,-10.3,50 mm3 = 0.05 cm3,0.14,0.3362,23.38,0.99,0.84,1.97
,,,,0.15,0.282,25.53,1.18,1.08,1.03
,,,,0.11,0.1952,18.34,0.99,0.71,0.89
,,,,0.11,0.1302,13.05,0.83,0.48,0.27
Polymeric,TEM: 149; HD: 157,-8.8,50 mm3 = 0.05 cm3,0.25,0.3315,18.85,1.46,0.6,2.69
,,,,0.26,0.3425,19.61,1.18,0.72,2.25
,,,,0.22,0.2762,18.35,1.08,0.68,2.12
,,,,0.2,0.221,13.89,0.92,0.4,0.98
Polymeric,HD: 135,,100-150 mm3 = 0.125 cm3,0.12,0.1911,4.1,0.23,0.31,0.43
,,,,0.09,0.0917,1.86,0.13,0.19,0.27
,,,,0.03,0.0434,0.56,0.04,0.05,0.09
Liposome,HD: 154.6,,100-150 mm3 = 0.125 cm3,0.11,0.1857,2.33,0.35,0.21,0.36
,,,,0.18,0.1006,1.36,0.19,0.14,0.32
,,,,0.06,0.0436,0.47,0.06,0.04,0.09
Liposome,HD: 89,-40,100-150 mm3 = 0.125 cm3,0.08,,0.84,,,
,,,,0.1,,0.66,,,
,,,,0.12,,0.51,,,
Liposome,TEM: 150; HD: 138,-14,100-150 mm3 = 0.125 cm3,0.08,,0.57,,,
,,,,0.13,,0.46,,,
,,,,0.22,,0.18,,,
Liposome,TEM: 100; HD: 128,5,100-150 mm3 = 0.125 cm3,0.09,,0.51,,,
,,,,0.13,,0.44,,,
,,,,0.25,,0.24,,,
Liposome,HD: 20.4,3.91,100-200 mm3 = 0.15 cm3,0.01,0.0144,0.49,0.06,0.05,0.06
,,,,0.01,0.0057,0.31,0.05,0.01,0.05
,,,,0.01,0.0049,0.1,0.01,0,0.01
Liposome,HD: 110,-5.1,200-300 mm3 = 0.25 cm3 (from other tumor-bearing Kunming mice study),0.08,0.0488,0.77,0.1,0.11,0.1
,,,,0.14,0.0376,0.92,0.07,0.12,0.13
,,,,0.23,0.0179,0.64,0.04,0.07,0.17
Polymeric,HD: 111.3,-6.2,200-300 mm3 = 0.25 cm3 (from other tumor-bearing Kunming mice study),0.08,0.0376,1.02,0.11,0.19,0.06
,,,,0.19,0.0376,0.82,0.04,0.11,0.06
,,,,0.34,0.0132,0.7,0.04,0.05,0.14
Polymeric,HD: 105.3,-4.8,100 mm3=0.1 cm3,0.16,,2.5,0.38,0.69,1.57
,,,,0.19,,4.08,0.6,0.78,1.15
,,,,0.21,,2.09,0.36,0.42,0.54
,,,,0.23,,5.46,1.13,0.58,1.12
,,,,0.72,,3.88,1.67,0.3,0.97
,,,,0.34,,2.86,1.86,0.16,0.81
Polymeric,HD: 143,0,100 mm3=0.1 cm3,0.31,,,,,
,,,,0.38,,,,,
,,,,0.25,,,,,
Polymeric,HD: 145,0,100 mm3=0.1 cm3,0.32,,,,,
,,,,0.36,,,,,
,,,,0.27,,,,,
Other-Albumin,HD: 148,0,100 mm3=0.1 cm3,0.37,,,,,
,,,,0.48,,,,,
,,,,0.4,,,,,
Other-Albumin,TEM: 85; HD: 100.5,-23.1,100 mm3=0.1 cm3,0.03,0.1885,,,,
,,,,0.03,0.1417,,,,
,,,,0.04,0.1288,,,,
,,,,0.05,0.1276,,,,
,,,,0.06,0.0901,,,,
,,,,0.04,0.0831,,,,
,,,,0.03,0.0784,,,,
,,,,0.03,0.0457,,,,
Dendrimer,TEM: 85; HD: 100.5,-23.1,100 mm3=0.1 cm3,0.03,0.1709,,,,
,,,,0.03,0.1101,,,,
,,,,0.04,0.1229,,,,
,,,,0.05,0.0983,,,,
,,,,0.06,0.0679,,,,
,,,,0.04,0.0632,,,,
,,,,0.04,0.0527,,,,
,,,,0.04,0.0375,,,,
Dendrimer,HD: 227,30.3,,0.35,,,,,
,,,,1.32,,,,,
,,,,3.25,,,,,
,,,,8.13,,,,,
,,,,7.32,,,,,
,,,,7.91,,,,,
Polymeric,HD: 148,18.4,,0.27,,,,,
,,,,3.81,,,,,
,,,,11.55,,,,,
,,,,19.29,,,,,
,,,,38.32,,,,,
,,,,49.38,,,,,
Polymeric,HD: 106.8,35.6,200 mm3 = 0.2 cm3,0.18,1.124,12.94,0.75,0.24,7.2
,,,,0.34,0.7209,8.19,1.02,0.14,3.15
,,,,0.25,0.4887,5.21,0.28,0.04,2.74
,,,,0.1,0.2688,3.16,0.01,0.04,1.36
,,,,0.02,0.11,2.79,0.02,0.04,1.01
,,,,0.03,0.0855,2.7,0.28,0.02,0.83
Polymeric,HD: 227.3,28.3,200 mm3 = 0.2 cm3,0.19,0.6598,14.7,0.24,0.14,8.28
,,,,0.4,1.0019,9.4,0.14,0.13,4.83
,,,,0.25,0.6475,12.28,0.19,0.08,4.86
,,,,0.23,0.4032,3.91,0.15,0.02,2.97
,,,,0.1,0.3054,3.54,0.12,0.02,1.86
,,,,0,0.0977,2.23,0.01,0.02,0.55
Polymeric,HD: 106.8,35.6,200 mm3 = 0.2 cm3,0.14,0.5344,16.55,0.63,0.24,6.68
,,,,0.3,0.4394,11.58,0.54,0.15,3.94
,,,,0.37,0.4156,5.43,0.2,0.07,3.28
,,,,0.09,0.19,2.53,0.09,0.08,1.76
,,,,0.07,0.095,3.8,0.18,0.03,0.49
,,,,0,0.1069,1.54,0.06,0.02,0.49
Polymeric,HD: 227.3,28.3,200 mm3 = 0.2 cm3,0.21,0.285,10.31,0.13,0.3,5.38
,,,,0.62,0.57,11.76,0.23,0.22,5.06
,,,,0.61,0.4631,12.39,0.12,0.2,4.57
,,,,0.33,0.2613,3.71,0.12,0.14,1.86
,,,,0.02,0.2494,4.16,0.02,0.03,0.54
,,,,0,0.2494,1.45,0.02,0.02,0.37
Polymeric,TEM: 90; HD: 96.6,0,400-600 mm3 = 0.5 cm3,2.03,1.2309,24.85,1.01,1.2,3.48
,,,,0.81,1.0364,11.46,0.44,1.01,2.54
,,,,0.77,0.2267,3.34,0.38,0.23,0.88
,,,,0.49,0.0556,0.77,0.1,0.12,0.29
,,,,0.56,0.0242,0.19,0.02,0.03,0.08
,,,,0.21,0.001,0.02,0,0.01,0.01
Polymeric,HD: 125.5,-7.4,50 mm3 = 0.05 cm3,0.13,0.7015,3.86,0.38,0.24,0.78
,,,,0.15,0.9159,5.86,0.55,1,1.02
,,,,0.19,1.1205,5.42,0.59,1.2,2.33
,,,,0.29,0.7308,5.86,0.47,0.84,1.39
Other-Albumin,HD: 130.4,-2.3,50 mm3 = 0.05 cm3,0.22,0.5846,2.75,0.31,0.25,0.7
,,,,0.27,0.8867,5.94,0.42,0.86,1
,,,,0.35,1.1497,4.82,0.43,1.06,1.53
,,,,0.38,0.7015,5.34,0.4,0.61,0.88
Polymeric,HD: 125,,100 mm3=0.1 cm3,0.24,0.3415,3.22,0.41,0.3,0.93
,,,,0.25,0.10780000000000001,2.59,0.21,0.59,0.3
,,,,0.24,0.01,1.35,0.68,0.39,0.54
Polymeric,TEM: 125; HD: 182.6,-22.6,~1500 mm3 = 1.5 cm3,2.17,0.0454,7.95,0.18,0.36,0.15
,,,,8.29,0.0681,21.85,0.26,0.58,0.35
,,,,11.11,0.0999,28.25,0.4,0.77,0.55
,,,,8.76,0.0817,24.48,0.34,0.53,0.45
,,,,8.01,0.0499,18.88,0.17,0.32,0.24
,,,,6.41,0.0045,13.8,0.06,0.16,0.17
,,,,4.52,0,8.47,0.04,0.06,0.1
,,,,3.01,0,5.29,0,0,0
Polymeric,HD: 152,0,50 mm3 = 0.05 cm3,0.24,1.4584,14.28,0.43,0.26,5.09
,,,,0.58,2.2025,31.06,0.21,0.61,4.6
,,,,0.72,0.9524,6.12,2.68,1.63,3.19
,,,,0.96,1.1608,7.25,1.26,0.38,3.68
Polymeric,HD: 163,0,50 mm3 = 0.05 cm3,0.27,0.9274,5.7,1.17,0.99,1.66
,,,,0.47,1.2565,34.63,1.36,3.13,2.53
,,,,0.6,2.154,17.55,2.72,2.78,6.1
,,,,0.78,1.9147,11.17,0.67,0.88,4.56
Liposome,HD: 152,0,50 mm3 = 0.05 cm3,0.7,0.9573,48.08,1.29,0.32,4.56
,,,,1,1.3163,31.9,0.74,1.35,5.05
,,,,1.14,1.795,18.68,1.93,0.64,6.66
,,,,1.56,1.5856,12.76,0.67,0.96,3.45
Liposome,HD: 93,-32.2,200-300 mm3 = 0.25 cm3,0.03,0.0679,4.29,,0.05,1.08
,,,,0.1,0.1289,7.65,,0.11,0.53
,,,,0.23,0.2036,7.03,,0.05,0.8
,,,,0.09,0.095,4.34,,0.01,0.46
Other-HA NPs,HD: 102,-12.2,200-300 mm3 = 0.25 cm3,0.09,0.0814,4.44,,0.06,0.96
,,,,0.26,0.1493,6.93,,0.08,0.56
,,,,0.61,0.1086,6.93,,0.06,0.84
,,,,0.24,0.0611,3.46,,0.01,0.45
Other-HA NPs,HD: 180.2,-20.3,100 mm3=0.1 cm3,0.05,0.0045,0.24,0,0.01,0.05
,,,,0.13,0.0064,0.49,0,0,0.13
,,,,0.05,0.0051,0.41,0,0.01,0.11
Other-CPDG NPs,HD: 130.5,-8.2,100 mm3=0.1 cm3,0.06,0.0032,0.48,0,0.01,0.11
,,,,0.14,0.0045,0.61,0,0,0.12
,,,,0.07,0.0032,0.44,0,0.01,0.12
Liposome,HD: 54.4,-22.3,100 mm3=0.1 cm3,2.78,,58.77,,,0.92
,,,,1.38,,29.62,,,0.51
,,,,0.62,,24.87,,,0.36
,,,,0.22,,8.92,,,0.21
Other-Albumin,HD: 12.4,27.2,1 cm3,0.36,,9.89,0.55,0.14,4.53
,,,,6.36,,14.92,0.01,0.06,2.65
,,,,2.36,,1.04,0.01,0.01,0.3
Other-Albumin,HD: 134.7,-35.1,300 mm3 = 0.3 cm3,3.4,1.1983,51.31,5.45,2.72,0.98
,,,,3.4,2.2876,83.01,5.88,2.61,1.2
,,,,3.58,1.0893,89.43,9.48,3.7,1.74
,,,,3.21,4.3573,93.79,6.32,2.83,1.85
,,,,3.4,1.634,42.92,1.96,1.85,1.2
,,,,3.21,1.0893,29.74,1.31,1.09,0.98
,,,,0.57,1.3072,9.48,0.65,0.98,0.65
Polymeric,HD: 142.2,-31,300 mm3 = 0.3 cm3,1.25,0.9783,60.43,4.35,1.63,1.74
,,,,2.5,0.5435,64.78,7.07,1.63,1.63
,,,,2.92,0.7609,70.98,8.8,2.17,1.74
,,,,6.46,0.7609,81.09,6.74,2.5,1.09
,,,,5.83,0.6522,45.22,5.33,1.74,1.52
,,,,3.96,0.7609,26.3,3.7,0.54,0.98
,,,,0.83,0.3261,9.78,1.74,0.54,0.65
"Polymeric/
Hydrogel",HD: 122.5,-30.1,100 mm3=0.1 cm3,0.04,0.0145,0.35,0.01,0.04,0.08
,,,,0.04,0.0092,0.34,0.02,0.03,0.06
,,,,0.04,0.0056,0.24,0.02,0.02,0.05
"Polymeric/
Hydrogel",HD: 218.6,-30.1,100 mm3=0.1 cm3,0.06,0.0074,0.27,0.03,0.04,0.05
,,,,0.06,0.0042,0.27,0.01,0.03,0.06
,,,,0.05,0.0017,0.17,0,0.02,0.06
Polymeric,HD: 8.6,,~150 mm3 = 0.15 cm3,0.45,,,,,
,,,,0.54,,,,,
,,,,0.6,,,,,
,,,,0.58,,,,,
,,,,0.65,,,,,
,,,,0.48,,,,,
Polymeric,HD: 25.6,,~150 mm3 = 0.15 cm3,1.29,,,,,
,,,,1.64,,,,,
,,,,2.15,,,,,
,,,,1.62,,,,,
,,,,2.18,,,,,
,,,,1.6,,,,,
Polymeric,TEM: 150,-22.1,50-100 mm3 = 0.075 cm3,0.08,0.0752,31.33,1.19,0.5,0.46
,,,,0.13,0.0602,26,1.08,0.38,0.43
,,,,0.17,0.0602,20.51,0.89,0.23,0.4
,,,,0.19,0.0301,8.48,0.22,0.05,0.19
Polymeric,TEM: 135; HD: 143,,50 mm3 = 0.05 cm3,0.21,0.3333,21.28,1.65,1.08,2.76
,,,,0.23,0.3575,21.55,1.43,0.95,1.15
,,,,0.19,0.1091,16.66,1.02,0.8,0.54
Polymeric,TEM: 138; HD: 149,,50 mm3 = 0.05 cm3,0.29,0.4092,18.3,1.44,0.82,3.04
,,,,0.32,0.3508,16.92,1.23,0.69,2.53
,,,,0.29,0.2163,13.71,0.94,0.59,1.13
Other-TD,TEM: 143.1; HD: 161.1,-31.1,150 mm3 = 0.15 cm3,0.05,0.007,0.55,0.16,0.03,0.18
,,,,0.08,0.0031,0.27,0.12,0.01,0.07
,,,,0.12,0.0063,0.43,0.06,0.02,0.13
,,,,0.11,0.0172,0.88,0.13,0.03,0.14
Polymeric,TEM: 130; HD: 166.1,-36.7,100 mm3=0.1 cm3,0.09,0.202,4.51,0.14,0.17,0.17
,,,,0.16,0.1019,4.11,0.12,0.14,0.19
,,,,0.18,0.0604,2.36,0.11,0.08,0.2
Other-10-HCPT (SN38),TEM: 133.5; HD: 140,-27.1,100 mm3=0.1 cm3,0.04,0.0287,34.54,0.08,0.1,4.61
,,,,0.05,0.0214,52.85,0.04,0.07,1.96
,,,,0.08,0.012,36.2,0.02,0.04,1.28
,,,,0.07,0.0073,29.78,0.02,0.03,1.01
,,,,0.05,0.0043,9.1,0.01,0.02,0.55
,,,,0.01,0.0025,7.67,0.01,0.02,0.33
Other-Graphene,HD: NA,-6,20 mm3 = 0.02 cm3,0.14,0.1297,3,0.29,0.5,0.43
,,,,0.19,0.2154,5.99,0.4,0.43,0.64
,,,,0.08,0.2007,3.64,0.29,0.29,0.36
Other-Graphene,HD: NA,-5.96,20 mm3 = 0.02 cm3,0.17,0.1427,2.4,0.22,0.46,0.38
,,,,0.24,0.1831,4.92,0.42,0.4,0.55
,,,,0.15,0.1569,3.42,0.28,0.3,0.29
Polymeric,HD: 76.3,-13,85 mm3 = 0.085 cm3,0.25,,,,,
,,,,0.32,,,,,
,,,,0.45,,,,,
,,,,0.62,0.2027,12.21,1.08,0.51,0.65
,,,,0.42,0.0507,9.24,1.19,0.19,0.46
,,,,0.21,0.006,4.36,0.94,0.01,0.11
,,,,0.03,0,1,0.09,0,0.01
Polymeric,HD: 150,0,100-150 mm3 = 0.125 cm3,0.47,0.273,11.78,0.36,0.14,1.29
,,,,0.44,0.1674,6.24,0.26,0.15,0.58
,,,,0.38,0.0983,4.24,0.24,0.1,0.46
Polymeric,HD: 153,0,100-150 mm3 = 0.125 cm3,0.92,0.2345,8.79,0.25,0.14,1.13
,,,,0.84,0.1666,5.19,0.14,0.13,0.57
,,,,0.6,0.0956,3.29,0.13,0.08,0.42
Polymeric,HD: 146,-22.7,150-200 mm3 = 0.175 cm3,0.24,,,,,
,,,,0.17,,,,,
,,,,0.14,,,,,
Polymeric,TEM: 150; HD: 166.4,12.3,100 mm3=0.1 cm3,0.05,,11.07,0.36,0.54,0.12
,,,,0.09,,8.3,0.39,0.44,0.25
,,,,0.1,,4.81,0.22,0.26,0.1
,,,,0.13,,0.96,0.13,0.19,0.15
,,,,0.3,,1.14,0.13,0.06,0.04
,,,,0.07,,0.42,0.08,0.02,0
Polymeric,TEM: 150; HD: 175.1,8.7,100 mm3=0.1 cm3,0.05,,13.59,0.55,0.78,0.41
,,,,0.1,,14.26,0.35,0.52,0.25
,,,,0.19,,3.01,0.28,0.38,0.32
,,,,0.21,,1.8,0.25,0.24,0.09
,,,,0.39,,1.74,0.11,0.06,0.05
,,,,0.11,,0.66,0.13,0.03,0
Other-Soy protein,TEM: 100; HD: 204.7,-26.9,200 mm3 = 0.2 cm3,0.59,0.588,16.38,0.75,0.65,2.09
,,,,0.61,0.532,15.01,0.76,0.43,2.02
,,,,0.45,0.4536,12.2,0.52,0.36,1.71
,,,,0.39,0.3024,12.67,0.62,0.32,1.92
,,,,0.3,0.2912,10.79,0.53,0.34,1.66
,,,,0.23,0.224,8.23,0.46,0.21,1.53
Other-Soy protein,TEM: 100; HD: 220.3,-38,200 mm3 = 0.2 cm3,0.55,0.5177,14.35,0.69,0.33,1.59
,,,,0.63,0.4626,13.05,0.59,0.38,1.5
,,,,0.57,0.3194,13.59,0.48,0.2,1.33
,,,,0.53,0.3635,10.49,0.44,0.19,1.27
,,,,0.39,0.3304,10.78,0.47,0.21,1.25
,,,,0.35,0.2643,8.6,0.42,0.17,1.12
Other-Curcumin,HD: 186.3,-19,100 mm3=0.1 cm3,0.01,0.4112,0.14,1.14,0.12,0.19
,,,,0.01,0.2806,0.16,1.12,0.11,0.18
,,,,0.01,0.2709,0.52,1.09,0.09,0.18
,,,,0.01,0.208,0.18,0.63,0.07,0.17
,,,,0.01,0.1984,0.11,0.46,0.07,0.16
,,,,0.01,0.1984,0.09,0.24,0.07,0.15
Polymeric/Liposome,TEM: 47.82; HD: 56.2,0,100 mm3=0.1 cm3,0.14,0.1404,1.64,0.13,0.14,0.34
,,,,0.36,0.1448,1.64,0.18,0.17,0.38
,,,,0.46,0.0955,1.71,0.16,0.17,0.3
Polymeric,HD: 20.3,-2,150 mm3 = 0.15 cm3,0.64,0.0141,2.85,0.1,0.12,1.51
,,,,0.67,0.0884,8,0.29,0.03,2.2
,,,,0.8,0.2227,0.46,0.48,0.17,1.65
,,,,0.89,0.2369,0.78,0.32,0.22,1.1
Polymeric,HD: 197.4,-20.4,300 mm3 = 0.3 cm3,2.83,0.3107,31.81,0.71,0.45,3.75
,,,,3.5,0.261,32.57,0.77,0.54,6.15
,,,,3.1,0.2797,37.25,1.02,0.41,5.85
,,,,2.73,0.2859,28.78,0.7,0.37,5.07
,,,,2.59,0.2983,20.5,0.61,0.32,3.89
,,,,2.42,0.2735,18.84,0.6,0.29,1.66
Polymeric,HD: 276.8,-23.5,300 mm3 = 0.3 cm3,1.94,0.3466,34.31,0.6,0.42,3.52
,,,,2.7,0.3101,36.77,0.66,0.44,4.9
,,,,2.53,0.3162,39.13,0.75,0.35,4.38
,,,,2.39,0.2858,27.28,0.64,0.31,3.59
,,,,2.34,0.2979,25.05,0.47,0.3,2.46
,,,,2.23,0.2371,21.63,0.43,0.27,1.55
Polymeric,HD: 350,-27.2,300 mm3 = 0.3 cm3,1.02,0.4203,37,0.51,0.4,2.86
,,,,1.22,0.4083,38.87,0.56,0.43,3.77
,,,,1.09,0.3483,40.84,0.61,0.32,3.09
,,,,0.95,0.3302,32.29,0.6,0.27,2.75
,,,,0.92,0.30620000000000003,29.27,0.4,0.22,2.02
,,,,0.92,0.2762,24.51,0.39,0.23,1.32
Polymeric,HD: 258.3,-23.7,300 mm3 = 0.3 cm3,1.87,0.2969,27.8,0.66,0.29,2.34
,,,,3.12,0.3217,28.65,0.67,0.31,2.6
,,,,3.43,0.2969,30.63,0.79,0.35,2.98
,,,,2.95,0.2351,29.02,0.63,0.29,2.24
,,,,2.52,0.1732,21.77,0.45,0.24,2.01
,,,,2.41,0.1237,17.62,0.35,0.21,1.22
Polymeric,HD: 156.6,-23.7,300 mm3 = 0.3 cm3,3.07,0.1608,23.46,0.51,0.21,2.29
,,,,3.54,0.2227,26.48,0.6,0.28,2.57
,,,,4.56,0.2846,29.02,0.69,0.31,2.96
,,,,4.49,0.198,27.23,0.63,0.27,2.32
,,,,4.22,0.1732,25.16,0.44,0.22,2.14
,,,,3.81,0.1113,21.2,0.3,0.18,1.43
Other-Curcumin,TEM: 88.7,-15.6,200 mm3 = 0.2 cm3,0.29,0.2185,2.51,0.18,0.33,0.37
,,,,0.83,0.2252,2.63,0.22,0.38,0.32
,,,,0.89,0.2739,2.21,0.22,0.4,0.37
,,,,0.97,0.2834,2.71,0.26,0.44,0.4
,,,,1.08,0.3073,3.51,0.28,0.49,0.32
Liposome,HD: 115.7,-36.4,50 mm3 = 0.05 cm3,0.41,2.1296,19.76,2.46,3.74,7.72
,,,,0.25,1.2729,11.47,1.5,2.14,4.34
,,,,0.23,1.3096,11.37,1.45,1.87,3.48
,,,,0.21,1.1015,10.81,1.24,1.71,3.76
,,,,0.29,1.5544,14.08,1.67,2.25,4.41
,,,,0.2,1.0893,10.53,1.11,1.72,4.08
Polymeric,TEM: 165.3,25.1,~300 mm3 = 0.3 cm3,13.66,1.8225,8.63,4.7,,7.29
,,,,11.49,0.1918,5.66,3.65,,6.33
,,,,7.78,0.1918,3.65,2.3,,5.37
Polymeric,TEM: 184.3,21.1,~300 mm3 = 0.3 cm3,20.93,0.7674,9.88,5.18,,6.24
,,,,31.13,0.2878,12.18,4.12,,9.21
,,,,18.14,0.2878,3.45,2.11,,7.39
Liposome,HD: 112.6,-39.7,100 mm3=0.1 cm3,5.05,3.2214,27.28,2.07,3.64,5.79
,,,,4.9,3.99,30.89,2.59,4.56,7.78
,,,,6.19,4.317,32.63,3.15,5.24,8.35
,,,,6.37,4.9711,33.63,2.67,5.63,8.49
,,,,7.02,4.0718,31.51,2.37,6.04,6.97
Polymeric,TEM: 100; HD: 122.6,-15,100 mm3=0.1 cm3,0.37,0.7301,3.75,0.89,0.54,1.58
,,,,2.43,0.2727,9.58,0.24,0.15,0.67
,,,,1.03,0.5454,6.9,0.51,0.95,2.12
Liposome,HD: 57.3,34.5,200 mm3 = 0.2 cm3,0.26,,7.42,,0.54,1.15
,,,,0.31,,6.42,,0.41,0.87
,,,,0.09,,0.31,,0.01,0.01
Liposome,HD: 80.3,-36.9,200 mm3 = 0.2 cm3,0.36,,7.95,,0.6,1.07
,,,,0.46,,5.94,,0.48,0.93
,,,,0.15,,0.32,,0.01,0.01
Polymeric,HD: 107.3,23.3,200 mm3 = 0.2 cm3,0.55,,,,,
,,,,1.24,,,,,
,,,,1.35,,,,,
,,,,1.11,,,,,
,,,,0.65,,,,,
,,,,0.61,,,,,
Polymeric,HD: 190,26.1,200 mm3 = 0.2 cm3,0.53,,,,,
,,,,0.81,,,,,
,,,,0.87,,,,,
,,,,0.77,,,,,
,,,,0.55,,,,,
,,,,0.62,,,,,
Other-HCPT NR,HD: 168.6,24.2,400 mm3 = 0.4 cm3,1.13,0.0976,27.52,0.61,0.37,0.28
,,,,1.03,0.1005,16.98,0.23,0.35,0.41
,,,,0.92,0.0919,16.28,0.74,0.28,0.29
,,,,0.82,0.0478,17.16,0.32,0.04,0.29
,,,,0.74,0.0182,8.81,0.28,0.07,0.14
,,,,0.73,0.0077,6.27,0.23,0.04,0.13
Polymeric,TEM: 25; HD: 18.6,-1.8,100 mm3=0.1 cm3,0.52,0.3524,15.59,0.88,0.66,3.62
,,,,1.14,0.1846,10.44,0.55,0.48,2.59
,,,,1.13,0.1286,3.11,0.13,0.32,0.88
Polymeric,HD: 137,-15.6,200 mm3 = 0.2 cm3,0.33,0.0669,0.46,0.26,0.02,0.26
,,,,0.34,0.0517,0.47,0.25,0.05,0.13
,,,,0.3,0.0122,0.12,0.14,0.07,0.06
Polymeric,HD: 129,-9.1,200 mm3 = 0.2 cm3,0.27,0.0639,0.85,0.26,0.02,0.27
,,,,0.22,0.0441,0.36,0.26,0.05,0.15
,,,,0.29,0.0152,0.07,0.16,0.08,0.07
Polymeric,HD: 121,-2.4,~150 mm3 = 0.15 cm3,0.28,0.6503,2.97,0.81,0.75,1.82
,,,,0.2,0.389,1.34,0.34,0.22,0.71
,,,,0.15,0.4674,1.36,0.32,0.29,0.54
,,,,0.14,0.0788,0.33,0.03,0.06,0.12
Other-Anticancer drug,TEM: 48; HD: 54,0,100 mm3=0.1 cm3,0.14,0.0869,3.97,0.18,0.18,0.91
,,,,0.26,0.0754,3.41,0.14,0.12,0.78
,,,,0.23,0.032,1.11,0.08,0.11,0.23
Liposome,HD: 113.2,-53.2,100 mm3=0.1 cm3,0.11,,22.95,0.12,,
,,,,0.14,,27.51,0.23,,
,,,,0.16,,22.47,0.29,,
,,,,0.2,,15.3,0.18,,
,,,,0.15,,8.38,0.11,,
,,,,0.13,,5.21,0.08,,
,,,,0.08,,2.03,0.03,,
,,,,0.06,,1.06,0.02,,
Liposome,HD: 226.6,-52.4,100 mm3=0.1 cm3,0.07,,26.29,0.19,,
,,,,0.09,,29.79,0.31,,
,,,,0.13,,25.56,0.34,,
,,,,0.14,,20.27,0.26,,
,,,,0.11,,10.74,0.15,,
,,,,0.09,,6.27,0.11,,
,,,,0.05,,2.93,0.04,,
,,,,0.03,,0.98,0.02,,
Liposome,HD: 383.1,-53.9,100 mm3=0.1 cm3,0.03,,27.35,0.26,,
,,,,0.06,,33.62,0.35,,
,,,,0.1,,27.27,0.39,,
,,,,0.12,,21.81,0.32,,
,,,,0.09,,12.37,0.17,,
,,,,0.06,,8.14,0.13,,
,,,,0.03,,3.91,0.05,,
,,,,0.01,,1.3,0.03,,
Polymeric,HD: 96,0,60-100 mm3 = 0.08 cm3,3.95,0.3477,57.73,5.33,0.29,1.43
,,,,3.86,0.1217,67.53,6.9,0.17,1.04
,,,,4.42,0.0869,63.96,7.5,0.12,0.64
,,,,2.62,0.0522,76.27,8.05,0.14,0.93
,,,,1.56,0.0522,55.88,7.45,0.1,0.57
Polymeric,HD: 20,5,100 mm3=0.1 cm3,1.46,,,,,
,,,,1.79,,,,,
,,,,1.61,,,,,
Polymeric,HD: 20,5,100 mm3=0.1 cm3,1.69,,,,,
,,,,3.5,,,,,
,,,,3.24,,,,,
Polymeric,HD: 120,-18,320 mm3 = 0.32 cm3,0.34,,35.31,0.08,0.13,0.57
,,,,0.33,,33.64,0.08,0.16,0.58
,,,,0.43,,22.55,0.07,0.13,0.42
,,,,0.25,,8.51,0.04,0.05,0.12
,,,,0.14,,3.48,0.02,0.03,0.04
,,,,0.05,,0.9,0.01,0.02,0.01
Polymeric,HD: 282.1,-9.7,80-100 mm3 = 0.09 cm3,0.13,0.2433,4.75,0.21,0.83,0.52
,,,,0.17,0.2135,2.61,0.09,0.56,0.38
,,,,0.19,0.1837,1.82,0.08,0.4,0.33
,,,,0.16,0.144,1.53,0.06,0.29,0.28
,,,,0.12,0.1191,1.21,0.03,0.23,0.23
Hydrogel,TEM: 68.9; HD: 79.1,-40,100 mm3=0.1 cm3,0.69,0.5665,10.95,0.43,0.81,3.19
,,,,0.89,0.4618,7.11,0.56,0.82,2.56
,,,,0.71,0.2186,6.89,0.63,0.61,1.75
,,,,0.66,0.2525,4.78,0.56,0.51,1.12
,,,,0.35,0.1663,1.59,0.67,0.34,0.63
,,,,0.37,0.0862,0.52,0.52,0.19,0.22
,,,,0.28,0.0308,0.38,0.4,0.08,0.04
Hydrogel,TEM: 57.3; HD: 66.3,-40,100 mm3=0.1 cm3,0.48,0.5343,15.26,0.62,0.73,3
,,,,0.34,0.1859,11.26,0.66,0.74,2.17
,,,,0.41,0.0378,6.28,0.57,0.64,1.2
,,,,0.31,0.2091,6.06,0.81,0.56,1.3
,,,,0.2,0.0058,5.82,1,0.28,0.97
,,,,0.13,0.0058,3.47,0.67,0.18,0.35
,,,,0.1,0.0029,2.76,0.41,0.07,0.16
Polymeric,HD: 163.4,-19.6,100 mm3=0.1 cm3,3.16,2.737,30.58,2.33,3.94,6.72
,,,,3.99,2.9398,33.2,2.49,5.27,7.27
,,,,6.02,3.4264,36.13,3.01,6.46,8.14
,,,,6.29,3.9535,39.07,3.57,7.33,8.77
,,,,9.16,3.8521,40.15,3.88,8.28,7.27
,,,,11.01,4.4806,41.08,3.62,7.09,6.6
Polymeric,HD: 118.5,-13.7,100 mm3=0.1 cm3,1.94,2.993,28.56,2.32,4.2,6.71
,,,,2.77,3.3713,31.19,2.52,4.36,7.28
,,,,4.32,3.7002,32.94,3,5.18,8.16
,,,,5.55,3.9468,34.7,3.55,6.45,8.81
,,,,7.46,4.2593,37.33,3.84,7.6,7.28
,,,,8.61,4.0619,39.2,3.62,7.92,6.57
Hydrogel,HD: 161,-30.9,50 mm3 = 0.05 cm3,0.23,0.1431,16.35,1.44,0.85,1.28
,,,,0.28,0.1872,14.84,0.95,0.82,0.92
,,,,0.3,0.1101,14.68,0.92,0.68,0.85
,,,,0.41,0.1211,14.68,0.89,0.42,0.87
,,,,0.32,0.1211,15.18,1.03,0.45,1.12
,,,,0.28,0.0771,12.75,0.76,0.37,0.94
Dendrimer,TEM: 55; HD: 69.9,-2.1,619 mm3 = 0.62 cm3,3.5,0.3334,84.28,1.42,0.85,1.7
,,,,7.89,0.2381,70.25,1.53,0.48,1.14
,,,,10.31,0.5715,13.78,0.35,0.22,1.24
Polymeric,HD: 102.8,0,399 mm3 = 0.4 cm3,0.63,,8.57,0.99,0.89,1.1
,,,,1.35,,13.56,1.04,0.62,1.26
,,,,1.85,,18.55,1.84,0.35,1.02
,,,,2.02,,20.88,2.29,0.22,0.95
Polymeric,HD: 102.8,0,399 mm3 = 0.4 cm3,0.43,,9.82,1.04,1.21,1.21
,,,,0.93,,15.74,0.94,0.72,1.04
,,,,2.01,,20.57,1.89,0.39,1.16
,,,,2.35,,16.83,1.69,0.15,1.12
Polymeric,HD: 102.8,0,399 mm3 = 0.4 cm3,0.4,,8.42,1.04,1.14,1.34
,,,,0.93,,16.99,1.54,0.85,1.21
,,,,1.94,,16.36,2.43,0.35,1.23
,,,,2.38,,19.32,3.68,0.22,1.28
Polymeric,HD: 108,0,572 mm3 = 0.57 cm3,1.04,,12.47,1.89,1.07,1.34
,,,,1.26,,20.42,2.63,0.71,0.97
,,,,2.66,,27.74,3.68,0.18,1
,,,,2.96,,28.52,3.83,0.12,1.08
Polymeric,HD: 108,0,572 mm3 = 0.57 cm3,0.94,,12.31,1.89,1.19,1.25
,,,,1.62,,16.99,2.68,0.68,1.06
,,,,3.08,,25.71,4.07,0.24,1.31
,,,,3.94,,25.4,3.08,0.1,0.97
Polymeric,HD: 108,0,572 mm3 = 0.57 cm3,0.66,,7.79,1.89,0.71,1.07
,,,,1.79,,16.52,2.09,0.59,1.16
,,,,2.32,,22.6,3.23,0.24,1.34
,,,,3.45,,22.91,4.77,0.13,1.13
Polymeric,HD: 118,0,432 mm3 = 0.43 cm3,0.82,,11.07,5.02,0.91,1.08
,,,,0.88,,18.39,4.82,0.48,0.68
,,,,1.88,,17.45,7.95,0.43,0.52
,,,,1.2,,17.61,4.67,0.4,0.66
Polymeric,HD: 118,0,432 mm3 = 0.43 cm3,0.64,,12.16,6.26,0.7,0.92
,,,,0.66,,15.74,4.12,0.65,0.8
,,,,1.38,,17.45,8.65,0.24,0.66
,,,,1.51,,18.55,4.27,0.28,0.56
Polymeric,HD: 118,0,432 mm3 = 0.43 cm3,0.9,,9.82,5.91,0.77,1
,,,,1.25,,17.14,6.41,0.46,0.71
,,,,1.53,,17.77,9.99,0.38,0.83
,,,,1.99,,20.1,10.34,0.43,0.71
Polymeric,HD: 92,0,525 mm3 = 0.53 cm3,0.59,,6.73,0.94,1.27,0.95
,,,,1.78,,9.56,1.04,1.07,0.91
,,,,2.11,,16.15,1.46,0.42,0.67
,,,,1.64,,10.34,1.46,0.2,0.44
Polymeric,HD: 92,0,525 mm3 = 0.53 cm3,0.8,,3.75,1.34,1.48,1.32
,,,,1.47,,4.46,1.42,1.08,1.06
,,,,2.7,,12.61,1.87,0.5,0.94
,,,,3.25,,11.62,2.89,0.31,0.8
Polymeric,HD: 92,0,525 mm3 = 0.53 cm3,0.71,,4.89,1.14,1.39,1.34
,,,,1.32,,5.53,1.28,1.15,0.86
,,,,2.49,,6.84,3.21,0.98,0.89
,,,,3.45,,6.23,5.61,0.72,0.9
Other-Ginseng,HD: 122.5,-13.2,300 mm3 = 0.3 cm3,0.97,,,,,
,,,,1.25,,,,,
,,,,1,,,,,
,,,,0.38,,,,,
Other-Anticancer drug (PTX),HD: 190.5,-10.1,100 mm3=0.1 cm3,0.17,0.4871,43.93,1.96,0.84,2.01
,,,,0.09,0.1917,26.76,0.76,0.35,0.92
,,,,0.1,0.1036,20.31,0.86,0.13,0.54
,,,,0.24,0.1218,25.98,1.15,0.19,0.86
,,,,0.1,0.044,20.47,0.63,0.1,0.28
,,,,0.05,0.0104,1.89,0.08,0.06,0.06
Liposome,HD: 181.4,-5.7,1cm3,0.1,,4.24,0.32,0.31,0.58
,,,,15.15,,13.92,1.18,0.92,1.82
,,,,10.24,,10.54,0.93,0.34,0.87
Polymeric,TEM: 98.96,-19.2,400mm3 = 0.4cm3,0.23,0.02,14.27,0.02,0.008,0.007
,,,,0.06,0,7.46,0.02,0.025,0
,,,,0.03,0,5.05,0.005,0,0
Polymeric,TEM: 99.21,-20.3,400mm3 = 0.4cm3,0.17,0.01,8.27,0.02,0.006,0.009
,,,,0.06,0,1.34,0.01,0.001,0
,,,,0.01,0,0.98,0.001,0,0
Polymeric,TEM: 92.07,-21.2,400mm3 = 0.4cm3,0.16,0.01,2.83,0.01,0.005,0.003
,,,,0.1,0,0.42,0.001,0.005,0
,,,,0.19,0,0.15,0,0.002,0
Polymeric,TEM: 88.38,-22.2,400mm3 = 0.4cm3,0.2,0.01,9,0.01,0.006,0.011
,,,,0.12,0,0.65,0.002,0,0.002
,,,,0.01,0,0.15,0,0,0
Polymeric,TEM: 86.77,-21.5,400mm3 = 0.4cm3,0.39,0.08,12.34,0.04,0.021,0.038
,,,,0.21,0,3.87,0.03,0.008,0.018
,,,,0.1,0,2.51,0.01,0.004,0
Polymeric,TEM: 86.9,-18.9,400mm3 = 0.4cm3,0.91,0.18,32.63,0.07,0.042,0.044
,,,,0.32,0.06,22.18,0.1,0.025,0.018
,,,,0.22,0,17.7,0.06,0.008,0.008
Silica/Iron Oxide,TEM: 80; HD: 100,-32.5,0.46mm*0.46*0.46/2= 0.05cm3,2.01,,,,,
,,,,4.47,,,,,
,,,,4.71,,,,,
Polymeric,HD: 24.97,-15.5,150-200 = 0.15-0.2 cm3,3.77,,,,,
,,,,5.93,,,,,
,,,,12.32,,,,,
Polymeric,HD: 90,-13.9,50mm3 = 0.05cm3,0.14,,,,,
,,,,0.17,,,,,
,,,,0.18,,,,,
,,,,0.1,,,,,
Polymeric,HD: 90,-13.9,50mm3 = 0.05cm3,0.14,,,,,
,,,,0.16,,,,,
,,,,0.19,,,,,
,,,,0.09,,,,,
Polymeric,HD: 13,,100-250mm3 = 0.1-0.25 cm3,1.34,0.8851,18.55,0.9,3.04,3.61
,,,,0.94,0.8046,25.75,1.05,2.75,3.34
,,,,2.28,0.7011,29.03,1.46,1.83,2.57
,,,,4.56,0.2989,46.19,2.48,0.67,1.38
,,,,1.72,0.1149,49.35,1.91,0.18,1.15
,,,,0.61,0.1149,29.78,0.93,0.12,0.65
molybdenum disulfide,HD: 170,-43,200mm3 = 0.2cm3,0.32,0.0957,5.26,0.19,0.13,0.29
,,,,0.63,0.1159,10.51,0.39,0.15,0.54
,,,,0.81,0.1864,14.11,0.54,0.25,0.52
,,,,0.33,0.126,8.46,0.33,0.23,0.32
Polymeric,HD: 32,-12,500mm3 = 0.5cm3,3.52,0.3373,32.71,0.34,0.49,4.27
,,,,4.07,0.2781,27.04,0.45,0.42,2.64
,,,,5.05,0.2676,19.78,0.38,0.35,2.23
,,,,3.53,0.1484,13.52,0.25,0.29,2.15
,,,,2.89,0.0592,8.34,0.09,0.12,2.12
Polymeric,HD: 53,-16,500mm3 = 0.5cm3,2.89,0.3186,28.54,0.32,0.51,3.72
,,,,3.54,0.2489,26.04,0.41,0.46,2.76
,,,,4.2,0.2165,19.11,0.39,0.37,2.32
,,,,2.84,0.1054,13.94,0.27,0.32,2.2
,,,,2.21,0.0535,8.51,0.1,0.13,2.2
Polymeric,HD: 148,-23,500mm3 = 0.5cm3,2.59,0.3065,27.45,0.26,0.54,3.46
,,,,2.93,0.2327,24.45,0.4,0.52,2.94
,,,,3.08,0.1938,18.28,0.39,0.42,2.35
,,,,2.67,0.0778,14.35,0.3,0.38,2.27
,,,,2.17,0.0543,9.93,0.11,0.15,2.21
Polymeric,HD: 1200,,38.3mm3 = 0.0383cm3,0.01,2.2642,52.2,10.82,21.13,10.06
,,,,0.04,2.2642,60.75,12.58,11.82,9.94
,,,,0.06,3.0189,54.59,12.58,15.72,10.57
Polymeric,HD: 1200,,38.3mm3 = 0.0383cm3,0.01,1.5094,61.64,9.06,14.47,9.94
,,,,0.02,1.5094,63.27,9.06,14.84,8.81
,,,,0.07,1.3836,66.79,10.57,9.56,9.18
Polymeric,HD: 295.2,-42.9,38.3mm3 = 0.0383cm3,0.04,,,,,
,,,,0.03,,,,,
,,,,0.04,,,,,
Polymeric,HD: 295.2,-42.9,38.3mm3 = 0.0383cm3,0.02,,,,,
,,,,0.01,,,,,
,,,,0.01,,,,,
copper,HD: 123,-20.8,150mm3 = 0.15cm3,6.35,6.1731,36.89,21.68,10.09,3.91
,,,,6.47,4.2158,32.67,32.82,8.28,2.41
,,,,9.19,5.2698,26,25.55,9.23,3.01
Gadolinium,HD: 6.3,-6.9,7mm*7*7/2 = 0.172cm3,1.35,0.1455,4.87,0.04,0.28,16.8
,,,,0.91,0.0182,1.24,0.05,0.12,8.33
,,,,0.76,0.0145,0.52,0.02,0.04,3.24
Gadolinium,HD: 6.3,-6.9,7mm*7*7/2 = 0.172cm3,1.22,0.1407,4.64,0.04,0.33,17.04
,,,,0.44,0.0222,0.85,0.02,0.08,7.31
,,,,0.11,0.0037,0.16,0,0.03,2.78
Gadolinium,HD: 6.3,-6.9,7mm*7*7/2 = 0.172cm3,1.06,0.1354,5.38,0.03,0.23,17.83
,,,,0.37,0.0366,0.72,0.02,0.07,10.24
,,,,0.08,0.0037,0.48,0,0.02,3.39
"copper,cedium",HD: 150,,100 mm3 = 0.1 cm3,0.13,0.0563,4.83,0.13,0.09,0.29
,,,,0.16,0.0475,4.38,0.13,0.11,0.21
,,,,0.19,0.0428,3.45,0.14,0.12,0.18
,,,,0.21,0.0388,2.86,0.15,0.11,0.16
,,,,0.2,0.0372,2.21,0.15,0.1,0.12
,,,,0.18,0.0277,1.72,0.14,0.08,0.08
Iron Oxide,TEM: 222; HD: 241.89,-21.9,27.5mm3 = 0.0275cm3,0.51,0.7728,34.4,1.78,1.69,3.87
,,,,0.49,0.7101,40.02,2.11,0.72,2.93
,,,,0.35,0.8354,17.43,1.8,0.67,3.94
,,,,0.28,0.7832,13.07,0.85,0.67,1.78
,,,,0.24,0.5848,14.33,0.71,0.63,1.88
,,,,0.18,0.8563,13.3,0.77,0.67,1.74
Polymeric,HD: 148,,100 mm3 = 0.1 cm3,0.45,,,,,
,,,,0.66,,,,,
,,,,0.85,,,,,
,,,,0.72,,,,,
,,,,0.47,,,,,
,,,,0.23,,,,,
Polymeric,HD: 116.2,-36.4,400mm3 = 0.4cm3,0.03,0.011,2.73,0.01,0.04,0.35
,,,,0.06,0.0134,0.1,0.01,0.02,0.18
,,,,0.2,0.008,0.16,0.01,0.01,0.03
Polymeric,HD: 102.9,-41.1,400mm3 = 0.4cm3,0.1,0.0088,0.08,0.01,0.02,0.11
,,,,0.41,0.0074,0.09,0.01,0.02,0.03
,,,,0.86,0.1736,0.1,0.01,0.03,0.05
Polymeric,HD: 110.8,-47.5,400mm3 = 0.4cm3,0.3,0.0066,0.13,0.01,0.02,0.03
,,,,0.86,0.0067,0.87,0.04,0.02,0.09
,,,,0.52,0.008,0.09,0.01,0.02,0.11
Polymeric,HD: 106.7,-46.7,400mm3 = 0.4cm3,1.07,0.0088,0.08,0.01,0.02,0.04
,,,,0.99,0.0107,0.86,0.05,0.01,0.02
,,,,1.04,0.0095,0.42,0.02,0.02,0.03
Polymeric,HD: 150,,100 mm3 = 0.1 cm3,15.48,17.7702,698.44,9.19,12.06,62.75
,,,,22.28,13.5823,535.64,6.81,7.6,67.67
,,,,12.5,12.6769,422.55,3.88,14.71,43.85
,,,,5.7,11.2054,334.31,7.61,11.24,21.17
Manganese,TEM: 80; HD: 83,-30.4,2.5mm*2.5**2.5/2 = 0.008cm3,8.66e-5,0.0095,14.45,0.27,0.02,0.43
,,,,2.20128e-4,0.0098,11.48,0.18,0.02,0.29
,,,,1.49759e-4,0.0086,7.48,0.08,0.01,0.2
Manganese,HD: 264,-37.3,2.5mm*2.5**2.5/2 = 0.008cm3,7.04e-5,,,,,
,,,,3.96951e-4,,,,,
,,,,2.05693e-4,,,,,
Arsenic/zirconia,TEM: 140,6.36,500mm3 = 0.5cm3,48.15,0.5321,39.52,8.13,0.55,1.25
,,,,47.65,0.8138,51.21,9.79,0.55,1.46
,,,,45.43,1.0329,109.63,8.37,0.55,1.88
,,,,39.5,1.252,76.29,7.43,0.46,1.78
Liposome,HD: 100,,75mm3 = 0.075cm3,0.01,1.8976,1.42,50.19,7.28,6.8
,,,,1.07,16.5232,35.47,401.49,52.19,13.14
,,,,1.17,31.7964,22.64,301.11,43.69,28.09
Other,HD: 132,,100 mm3 = 0.1 cm3,0.28,,,,,
,,,,0.39,,,,,
,,,,0.62,,,,,
,,,,0.25,,,,,
Liposome,HD: 121,-4.3,100 mm3 = 0.1 cm3,0.15,0.6125,5.63,0.06,0.45,0.96
,,,,0.26,0.3344,2.67,0.2,0.11,0.51
,,,,0.31,0.1092,4.25,0.11,0.28,0.18
,,,,0.55,0.2369,5.63,0.08,0.29,0.52
,,,,0.39,0.1503,8.95,0.83,0.35,0.8
,,,,0.31,0.1823,5.38,0.71,0.17,1.06
,,,,0.29,0.1487,4.7,0.67,0.13,0.72
Gold,HD: 400,-42.57,400 mm3 = 0.4 cm3,2.15,,22.36,0.49,,0.73
,,,,7.97,,22.36,0.88,,0.84
,,,,3.44,,15.74,0.25,,0.52
Silica,TEM: 11.06; HD: 13.64,0.77,6.5 mm*6.5*6.5/2 = 0.137cm3,1.72,,29.83,1.58,,
,,,,2.9,,32.74,0.66,,
,,,,4.62,,28.12,1.06,,
,,,,5.81,,24.16,1.06,,
,,,,6.86,,23.76,1.32,,
,,,,8.05,,17.29,0.79,,
Silica,TEM: 11.06; HD: 13.64,0.77,6.5 mm*6.5*6.5/2 = 0.137cm3,0.52,,35.66,1.31,,
,,,,0.77,,32.62,0.77,,
,,,,1.01,,22.98,0.35,,
,,,,0.79,,21.19,0.4,,
Manganese,TEM: 60.1; HD: 139.6,-16.49,200 mm3 = 0.2cm3,1.18,0.2683,26.23,0.69,0.15,3.44
,,,,1.88,0.2507,29.17,0.64,0.13,5.35
,,,,2.71,0.3079,28.25,0.62,0.15,6.23
,,,,2.85,0.4267,24.15,0.62,0.19,6.46
,,,,1.99,0.3959,19.37,0.59,0.24,5.45
Gadolinium,HD: 146.2,,60 mm3 = 0.06 cm3,0.1,,,,,
,,,,0.17,,,,,
,,,,0.34,,,,,
,,,,0.28,,,,,
Polymeric,HD: 144,,100 mm3 = 0.1 cm3,0.26,0.1874,3.33,0.26,0.49,1.05
,,,,1.66,0.2008,3.58,0.22,0.92,2.34
,,,,1.3,0.3726,3.65,0.34,1.14,2.95
Liposome,HD: 129.4,-7.92,100 mm3 = 0.1 cm3,1e-4,5.77e-6,0,,1e-4,0
,,,,4e-4,1.17e-5,0.01,,2e-4,0
,,,,7e-4,2.61e-5,0.01,,3e-4,0.01
,,,,0.0011,3e-4,0.01,,4e-4,0.03
Liposome,HD: 114.8,-24.3,100 mm3 = 0.1 cm3,0.0014,1e-4,0.01,,1e-4,0
,,,,0.0016,2e-4,0.01,,4e-4,0.01
,,,,0.0017,2e-4,0.01,,5e-4,0.02
,,,,0.0021,4e-4,0.02,,6e-4,0.03
Liposome,HD: 158.3,-8.96,50 mm3 = 0.05 cm3,0.29,0.3415,5.09,0.04,0.14,1.64
,,,,0.55,0.4024,5.89,0.12,0.37,1.24
,,,,0.72,0.3537,6.83,0.05,0.39,1.08
Liposome,HD: 147.5,-12.54,50 mm3 = 0.05 cm3,0.12,0.5976,10.18,0.03,0.18,2.04
,,,,0.36,0.5244,13.79,0.03,0.26,1.56
,,,,0.53,0.6951,11.78,0.03,0.4,1.32
Liposome,HD: 139.3,-13.92,50 mm3 = 0.05 cm3,0.2,0.7317,16.47,0.25,0.32,1.96
,,,,0.32,1,12.85,0.2,0.3,1.68
,,,,0.42,0.939,10.71,0.18,0.4,1.24
Polymeric,TEM: 87.62,-20.8,8 mm*8*8/2 = 0.256 cm3,0.05,0.6386,66.61,0.96,9.22,1.78
,,,,0.44,0.3193,63.49,1.45,4.12,0.89
,,,,0.33,0.2129,57.65,1.56,1.37,0.77
,,,,0.33,0.1242,64.86,1.63,0.65,0.83
Polymeric,TEM: 89.74,-14.7,8 mm*8*8/2 = 0.256 cm3,0.6,0.2745,5.02,0.21,5.2,1
,,,,2.01,0.1515,7.19,0.27,0.98,1.17
,,,,1.33,0.0655,5.95,0.23,0.24,0.89
Liposome,HD: 120,-25,5 mm*5*5/2 = 0.063 cm3,0.33,0.503,11.09,0.41,0.92,2.31
,,,,0.26,0.278,8.53,0.26,0.57,1.15
,,,,0.18,0.188,3.77,0.18,0.37,0.6
,,,,0.09,0.094,2.7,0.13,0.2,0.28
Liposome,HD: 135,-18,5 mm*5*5/2 = 0.063 cm3,0.61,0.667,8.06,0.32,1.04,1.99
,,,,0.94,0.318,4.01,0.18,0.52,1.21
,,,,0.89,0.21,1.73,0.11,0.24,0.95
,,,,0.24,0.119,1.08,0.06,0.17,0.49
Titanium,HD: 310,-10.96,100 mm3 = 0.1 cm3,0.25,0.3201,40.18,0.67,1.12,1.29
,,,,0.4,0.2319,34.43,0.49,0.98,1.02
,,,,0.21,0.218,23.22,0.21,0.51,1.46
Titanium,HD: 310,-20,100 mm3 = 0.1 cm3,1.19,0.5081,53.28,0.5,1.33,3.71
,,,,0.91,0.4192,47.77,0.39,1.05,2.67
,,,,0.6,0.3239,29.5,0.28,0.6,1.63
Gold,HD: 143.2,-8.8,900 mm3 = 0.9 cm3,6.78,0.3441,14.52,0.36,0.42,1.75
,,,,6.26,0.2169,12.02,0.18,0.23,1.13
,,,,1.94,0.1057,9.49,0.08,0.15,0.31
Polymeric,HD: 32.78,-1.74,7.5 mm*7.5*7.5/2 = 0.21 cm3,3.24,0.1081,6.24,0.09,0.29,0.38
,,,,4.79,0.1116,4.97,0.08,0.3,0.35
,,,,5.34,0.0857,3.51,0.06,0.33,0.31
,,,,2.86,0.0476,1.34,0.02,0.2,0.3
Polymeric,HD: 32.78,-1.74,7.5 mm*7.5*7.5/2 = 0.21 cm3,1.73,0.5651,31.13,0.83,1.18,1.13
,,,,3.39,0.3943,14.83,0.55,1.3,1.62
,,,,3.37,0.0821,5.56,0.16,1.24,1.64
,,,,0.8,0.0493,1.23,0.04,0.18,0.29
Gadolinium,TEM: 190; HD: 203.5,-22.2,100 mm3 = 0.1 cm3,0.38,0.1038,27.36,1.1,0.36,3.22
,,,,0.59,0.2757,26.61,0.97,0.67,3.32
,,,,0.48,0.1754,22.96,0.88,0.41,2.53
Molybdenum disulfide,TEM: 190; HD: 203.5,-22.2,100 mm3 = 0.1 cm3,1.26,0.2838,34.82,1.44,0.37,3.51
,,,,1.71,0.2788,37.5,1.35,0.83,4.76
,,,,1.37,0.1743,29.36,1.08,0.73,3.82
Polymeric,HD: 282.54,-19.7,100 mm3 = 0.1 cm3,0.01,0.0069,4.83,0.23,0.13,0.21
,,,,0.02,0.0091,8.21,0.11,0.1,0.04
,,,,0.02,0.0131,1.94,0.11,0.03,0.04
,,,,0.01,0.0206,0.69,0.07,0.01,0
Copper,HD: 250,-15.8,100 mm3 = 0.1 cm3,0.37,0.2567,16.14,1.87,2.4,0.91
,,,,1.54,0.3567,16.69,1.48,2,0.82
,,,,0.6,0.0733,6.7,0.85,1.22,0.38
Polymeric,TEM: 150; HD: 280.1,-2.629,125 mm3 = 0.125 cm3,0.23,0.2068,9.56,0.6,1.17,2.51
,,,,0.44,0.179,9.01,0.34,1.19,1.74
,,,,0.41,0.284,11.52,0.63,1.02,1.58
,,,,0.64,0.2531,9.59,0.56,0.89,1.52
,,,,0.45,0.1852,14.47,0.88,1.04,1.57
,,,,0.35,0.142,9.73,0.53,0.63,0.95
Polymeric,TEM: 150; HD: 296.5,-1.078,125 mm3 = 0.125 cm3,0.24,0.2045,9.6,0.61,1.17,2.52
,,,,0.45,0.186,9.02,0.34,1.2,1.76
,,,,0.42,0.2882,11.54,0.63,1.03,1.58
,,,,0.65,0.2572,9.6,0.56,0.9,1.51
,,,,0.46,0.186,14.5,0.89,1.04,1.59
,,,,0.36,0.1457,9.9,0.53,0.63,0.97
Manganese,HD: 100,-8,100 mm3 = 0.1 cm3,1.18,0.4391,32.56,1.03,0.52,3
,,,,1,0.2566,21.45,0.49,0.44,1.71
,,,,0.71,0.1974,12.41,0.31,0.28,1.12
Silver,TEM: 20?; HD: 21,-25,100 mm3 = 0.1 cm3,1.4,0.1394,21.22,1.35,0.45,4.81
,,,,1.78,0.1673,27.34,1.57,0.35,4.13
,,,,4.3,0.1208,31.22,1.62,0.31,3.35
,,,,2.77,0.0836,24.18,1.27,0.28,2.14
Molybdenum disulfide/Gadolinium,HD: 110,,200 mm3 = 0.2 cm3,0.19,,,,,
,,,,0.3,,,,,
,,,,0.27,,,,,
,,,,0.21,,,,,
,,,,0.19,,,,,
Molybdenum disulfide/Gadolinium,HD: 110,,200 mm3 = 0.2 cm3,0.32,,,,,
,,,,0.69,,,,,
,,,,0.74,,,,,
,,,,0.72,,,,,
,,,,0.43,,,,,
Tungsten Disulfide,HD: 235.4,-20.9,125 mm3 = 0.125 cm3,1.02,0.4035,37.63,1.96,0.63,3.33
,,,,1.58,0.3537,32.11,2.13,0.52,3.59
,,,,0.89,0.279,23.79,1.76,0.61,4.48
,,,,0.48,0.1743,12.63,1.21,0.45,2.78
Tungsten Disulfide,HD: 235.4,-20.9,125 mm3 = 0.125 cm3,0.6,0.2341,11.65,0.71,0.85,1.8
,,,,0.76,0.269,12.85,0.63,0.62,1.96
,,,,0.56,0.1743,8.09,0.37,0.51,1.46
,,,,0.19,0.1245,4.98,0.2,0.21,1.11
Polymeric,TEM: 168.59,-41.93,100 mm3 = 0.1 cm3,0.03,0.1264,29.33,0.81,1.71,0.75
,,,,0.03,0.0451,27.45,0.66,0.29,0.48
,,,,0.03,0.0451,24.38,0.86,0.13,0.42
Polymeric,TEM: 195.71,-29.6,100 mm3 = 0.1 cm3,0.05,0.5356,29.8,1.95,19.93,1.58
,,,,0.07,0.2269,26.91,1.93,3.45,1.15
,,,,0.09,0.2179,27.51,1.47,1.59,1.15
Polymeric,HD: 103.9,-3,60 mm3 = 0.06 cm3,0.03,0.0624,1.25,0.05,0.15,0.21
,,,,0.02,0.0366,0.64,0.03,0.12,0.13
,,,,0.01,0.0131,0.43,0.03,0.07,0.05
"Iron Oxide/
Hydrogel",HD: 216.2,-18.7, 6mm*6*6/2= 0.108 cm3,8.22,11.1085,190.55,27.27,12.11,23.25
,,,,7.54,11.3468,170.65,27.8,11.49,23.89
,,,,6.8,11.0131,157.57,26.63,10.44,25.96
,,,,6.92,10.8701,141.34,24.73,10.09,22.61
,,,,6.61,10.8701,119.35,23.33,9.47,22.13
Liposome,HD: 122,-1,80 mm3 = 0.08 cm3,0.06,0.341,15.92,2.04,0.54,1.06
,,,,0.16,0.0929,1.87,0.19,0.19,1.52
,,,,0.06,0.0333,0.88,0.04,0.09,0.7
Polymeric,HD: 30,-25.8,500 mm3 = 0.5 cm3,0.32,0.0377,6.78,0.06,0.05,0.11
,,,,0.37,0.0267,6.72,0.05,0.07,0.11
,,,,0.24,0.0189,6.7,0.03,0.06,0.09
,,,,0.11,0.0101,6.39,0.02,0.03,0.03
,,,,0.04,0.0056,1.04,0.01,0.01,0.01
Copper,HD: 225.2,-18.57,150 mm3 = 0.15 cm3,1.17,0.6177,19.44,0.14,0.38,1.24
,,,,1.44,0.4724,13.25,0.1,0.38,1.01
,,,,2.16,0.353,9.4,0.08,0.36,0.82
,,,,3.47,0.2725,5.1,0.08,0.35,0.69
Polymeric,HD: 104.8451,-1.66452,300 mm3 = 0.3 cm3,1.17,0.6177,19.44,0.14,0.38,1.24
,,,,1.44,0.4724,13.25,0.1,0.38,1.01
,,,,2.16,0.353,9.4,0.08,0.36,0.82
Polymeric,HD: 105.3977,-1.86774,300 mm3 = 0.3 cm3,3.47,0.2725,5.1,0.08,0.35,0.69
,,,,1.23,,,,,
,,,,1.35,,,,,
Polymeric,HD: 104.8451,-1.66452,300 mm3 = 0.3 cm3,0.43,,,,,
,,,,1.71,,,,,
,,,,1.84,,,,,
Polymeric,HD: 90.97124,-2.00806,300 mm3 = 0.3 cm3,0.59,,,,,
,,,,2.52,,,,,
,,,,3.17,,,,,
Polymeric,HD: 98.43526,-1.95484,300 mm3 = 0.3 cm3,1.24,,,,,
,,,,0.92,,,,,
,,,,1.25,,,,,
Polymeric,HD: 91.45074,-1.9161300000000001,300 mm3 = 0.3 cm3,0.87,,,,,
,,,,0.42,,,,,
,,,,0.63,,,,,
Liposome,TEM: 135; HD: 136.2,-24.2,250 mm3 = 0.25 cm3,0.51,,,,,
,,,,0.34,,,,,
,,,,0.48,,,,,
,,,,0.33,,,,,
,,,,3.75,,34.86,2.18,,
,,,,4.13,,24.17,2.01,,
,,,,4.38,,22.77,1.61,,
,,,,6.03,,21.61,1.78,,
Liposome,TEM: 135; HD: 136.2,-24.2,250 mm3 = 0.25 cm3,1.54,,47.16,2.24,,
,,,,2.69,,53.49,3.23,,
,,,,3.27,,53.49,3.23,,
,,,,6.54,,62.64,5.61,,
,,,,5.96,,54.2,4.8,,
,,,,5.19,,40.12,3.37,,
,,,,5.19,,38.01,2.83,,
,,,,5.19,,29.56,2.11,,
Liposome,TEM: 135; HD: 136.2,-24.2,250 mm3 = 0.25 cm3,5.7,,187.63,12.41,,
,,,,8.54,,215.43,17.72,,
,,,,12.34,,267.55,18.83,,
,,,,21.84,,309.25,29.24,,
,,,,22.78,,316.2,26.36,,
,,,,22.78,,319.67,19.49,,
,,,,23.73,,229.33,16.61,,
,,,,24.68,,201.53,12.18,,
Other-albumin,TEM: 352; HD: 270.8,-13.7,250 mm3 = 0.25 cm3,0.01,0.0122,2.15,0.09,0.25,0.08
,,,,0,0.0024,0.46,0.04,0.05,0.01
,,,,0.001,0.0058,0.12,0,0.01,0.01
Copper,HD: 63.6,-2.2,100 mm3 = 0.1 cm3,0.81,,27.48,0.33,,
,,,,3.23,,32.35,0.7,,
,,,,5.63,,36.42,0.88,,
,,,,7.36,,33.24,1.01,,
,,,,9.41,,27.1,1.14,,
,,,,6.68,,21.59,0.91,,
Platinum,HD: 63.6,-2.2,100 mm3 = 0.1 cm3,0.06,0.0111,1.71,0.02,0.1,0.08
,,,,0.11,0.0169,1.98,0.04,0.12,0.08
,,,,0.13,0.0178,2.72,0.05,0.16,0.11
,,,,0.17,0.016,2.37,0.06,0.12,0.12
,,,,0.15,0.0134,1.78,0.07,0.11,0.09
Other-albumin,HD: NA,,2040 mm3 = 2.04 cm3,0.27,0.4031,3.4,1.29,0.67,3.24
,,,,0.32,0.5497,1.28,1.03,0.98,2.6
,,,,0.35,0.4887,2.26,1.83,0.59,2.08
,,,,0.39,0.3421,3.26,2.93,0.38,3.01
,,,,0.53,0.1466,4.07,4.75,0.46,3.48
Other-protein,HD: 35,-30.9,100 mm3 = 0.1 cm3,1.34,,,,,
,,,,2.6,,,,,
,,,,1.58,,,,,
Polymeric,HD: 90,,200 mm3 = 0.2 cm3,0.07,0.014,0.21,0.01,0.03,0.07
,,,,0.11,0.0194,0.35,0.01,0.03,0.08
,,,,0.12,0.0037,0.1,0.01,0.01,0.03
,,,,0.06,0.0027,0.08,0,0,0.02
Polymeric,HD: 20,-0.3,100 mm3 = 0.1 cm3,1.43,,,,,
,,,,0.81,,,,,
,,,,0.07,,,,,
,,,,0.01,,,,,
Platnium,HD: 109,3.45,100 mm3 = 0.1 cm3,0.16,0.2596,16.27,0.17,0.76,0.54
,,,,0.31,0.2813,19.12,0.27,1.06,0.61
,,,,0.45,0.1947,20.07,0.47,1.04,0.54
,,,,0.6,0.1839,19.48,0.48,0.99,0.58
,,,,0.68,0.1298,19.72,0.47,0.82,0.47
,,,,0.77,0.0757,15.2,0.43,0.62,0.36
,,,,0.78,0.0865,11.28,0.35,0.46,0.54
,,,,0.53,0.0216,8.67,0.24,0.35,0.22
,,,,0.32,0.0216,6.53,0.08,0.13,0.14
"Zinc/
Polymeric",HD: 176.8,20.5,100 mm3 = 0.1 cm3,9.44,0.7292,192.15,0.17,0.35,0.81
,,,,11.39,0.7295,226.84,0.51,1.06,1.62
,,,,12.5,0.7292,232.18,0.85,1.77,2.44
,,,,11.94,0.7292,229.51,0.85,1.42,0.82
,,,,10.56,0.9723,226.84,0.17,0.71,1.62
Polymeric,HD: 178,-15.7,100 mm3 = 0.1 cm3,0.55,0.2051,46.17,0.36,,0.69
,,,,0.74,0.1538,35.47,0.43,,0.69
,,,,0.98,0.1538,31.53,0.47,,0.86
Polymeric,HD: 141,-17.6,100 mm3 = 0.1 cm3,0.25,0.1538,42.23,0.43,,0.69
,,,,0.25,0.1538,31.53,0.43,,0.69
,,,,0.43,0.1538,30.97,0.36,,0.69
Manganese,HD: 26.4,,100 mm3 = 0.1 cm3,0.57,0.4185,29.24,0.51,,2.92
,,,,0.66,0.4946,27.36,0.52,,2.8
,,,,0.66,0.4565,30.29,0.61,,2.41
Manganese,TEM: 5; HD: 10,,100 mm3 = 0.1 cm3,0.34,0.3804,33,0.76,,2.86
,,,,0.32,0.4565,34.67,0.57,,2.41
,,,,0.34,0.4755,29.66,0.52,,2.86
Other-Graphene,HD: 100,-45.3,200 mm3 = 0.2 cm3,0.08,0.0466,2.2,0.05,0.13,0.26
,,,,0.2,0.0476,4.05,0.07,0.21,0.34
,,,,0.02,0.0076,0.84,0.01,0.04,0.07
Silica,HD: 7.3,,4 mm*4*4/2 = 0.032 cm3,0.32,,9.04,,,
,,,,0.5,,6.03,,,
,,,,0.48,,6.03,,,
,,,,0.45,,4.74,,,
Silica,HD: 7.2,,4 mm*4*4/2 = 0.032 cm3,0.18,,10.13,,,
,,,,0.19,,7.05,,,
,,,,0.18,,6.08,,,
,,,,0.18,,5.12,,,
Silica,HD: 7.3,,4 mm*4*4/2 = 0.032 cm3,0.09,,7.91,,,
,,,,0.17,,5.4,,,
,,,,0.16,,5.09,,,
,,,,0.15,,4.35,,,
Silica,HD: 6.4,,4 mm*4*4/2 = 0.032 cm3,3.26,,7.51,,,
,,,,3.71,,4.75,,,
,,,,3.89,,4.49,,,
,,,,3.8,,4.06,,,
Silica,HD: 6.4,,4 mm*4*4/2 = 0.032 cm3,0.09,,9.79,,,
,,,,0.11,,7.09,,,
,,,,0.12,,6.53,,,
,,,,0.12,,5.77,,,
Polymeric,TEM: 141,-27.2,100 mm3 = 0.1 cm3,1.08,0.4909,16.53,0.48,0.96,1.26
,,,,0.85,0.3077,12.67,0.32,0.52,1.11
,,,,0.59,0.25,8.14,0.21,0.52,0.84
Polymeric,TEM: 106,-13.5,100 mm3 = 0.1 cm3,0.53,0.6055,15.27,0.56,1.03,0.98
,,,,0.49,0.4487,11.12,0.35,0.71,0.73
,,,,0.29,0.2931,7.57,0.21,0.58,0.63
Platnium,TEM: 12.4; HD: 28.7,48.1,100 mm3 = 0.1 cm3,0.36,0.5455,7.08,0.5,1.05,1.74
,,,,0.71,0.595,13.61,0.5,1.16,2.32
,,,,1.19,0.6198,26.13,0.59,1.16,2.48
,,,,1.79,0.595,28.58,0.76,1.19,2.32
,,,,1.84,0.5207,21.78,0.76,1.12,2.07
,,,,2.05,0.4215,13.34,0.68,0.94,1.66
,,,,0.57,0.4463,10.62,0.64,0.76,1.49
"Bi, Manganese, Fe, Mo",TEM: 150; HD: 191.448,-21.24,5-8 mm,0.26,0.0538,2.88,0.1,0.11,0.18
,,,,0.33,0.1714,4.1,0.09,0.14,0.25
,,,,0.73,0.0975,8.12,0.46,0.28,0.56
,,,,0.39,0.0639,2.21,0.28,0.22,0.35
Silica,HD: 72.9,,100 mm3 = 0.1 cm3,0.05,0.036,45.68,1.16,0.53,1.24
,,,,0.07,0.034,50.73,0.8,1.87,1.46
,,,,0.07,0.035,52.48,0.78,2.61,1.26
,,,,0.07,0.027,21.41,0.36,0.35,1.22
Silica,HD: 76.97,,100 mm3 = 0.1 cm3,0.04,0.031,26.57,0.37,1.45,0.59
,,,,0.06,0.035,38.98,0.56,0.7,1.09
,,,,0.09,0.045,46.77,0.59,1.33,1.7
,,,,0.11,0.022,18.67,0.43,0.18,0.61
"Silica/
Polymeric",TEM: 41.5,,6-8 mm,0.54,,34.13,1.04,0.57,
,,,,1.19,,29.7,0.99,0.51,
,,,,1.5,,18.44,0.55,0.42,
,,,,0.84,,12.39,0.45,0.33,
Iridium,HD: 230,,100 mm3 = 0.1 cm3,1.15,0.3135,45.78,1.65,0.64,0.52
,,,,0.19,0.1254,28.74,0.87,0.09,0.26
,,,,0.09,0.0313,3.44,0.12,0.07,0.1
Silica,TEM: 110; HD: 128.1,-7.43,90 mm3 = 0.09 cm3,0.59,0.1841,29.65,1.1,0.03,1.3
,,,,0.83,0.1841,31.44,1.2,0.03,1.37
,,,,0.76,0.1636,14.15,0.37,0.03,1.71
,,,,0.59,0.0818,6.74,0.29,0,2.12
Hydrogel,HD: 249,0,130 mm3 = 0.13 cm3,0.45,1.0048,59.37,,3.07,3.04
,,,,0.61,,,,,
,,,,0.41,0.1435,73.02,,2.17,2.24
,,,,0.47,,,,,
,,,,0.79,0.2871,56.21,,0.98,1.44
Polymeric,HD: 165,-35.8,300 mm3 = 0.3 cm3,0.89,0.0903,5.49,0.05,0.32,0.46
,,,,3.04,0.0964,8.33,0.05,0.4,1.85
,,,,4.4,0.0783,6.41,0.05,0.43,1.51
Polymeric,HD: 162,-37.2,300 mm3 = 0.3 cm3,0.98,0.0903,5.29,0.05,0.31,0.56
,,,,3.43,0.0783,7.6,0.06,0.44,1.56
,,,,5.16,0.0723,6.22,0.05,0.33,1.43
Polymeric,TEM: 94.29,-12.03,100 mm3 = 0.1 cm3,1.77,0.795,33.32,0.79,1.61,1.81
,,,,2.5,0.9674,33.32,1.01,2.3,1.68
,,,,1.02,0.6228,12.22,0.39,1.1,0.89
Polymeric,TEM: 42.35,-17.81,100 mm3 = 0.1 cm3,1.1,0.9674,31.86,0.75,1.01,2.61
,,,,1.13,0.9939,27.79,1.03,1.33,1.81
,,,,0.43,0.7023,8.73,0.41,0.72,1.02
Liposome,TEM: 53,-12.5,100 mm3 = 0.1 cm3,8.53,0.275,23.39,6.61,5.23,5.51
,,,,4.63,0.0784,7.22,1.73,0.24,0.71
,,,,2.2,0,0.69,0.19,0,0
Hydrogel,TEM: 100; HD: 197,-36,100-150 mm3,0.24,0.2976,17.42,0.68,0.49,2.85
,,,,0.36,0.1785,20.04,0.54,0.75,2.72
,,,,0.51,0.1984,19.6,0.99,0.98,1.92
,,,,0.54,0.2579,24.18,1.12,1.51,3.51
,,,,0.36,0.1587,18.29,0.6,1.45,3.71
,,,,0.3,0.119,21.78,0.51,0.58,4.24
Hydrogel,TEM: 100; HD: 276,-32,100-150 mm3,0.48,0.2196,12.28,0.6,0.85,3.6
,,,,0.72,0.2396,16.44,0.89,1.11,3.93
,,,,0.69,0.1997,21.92,0.85,0.93,4.13
,,,,0.81,0.1398,15.13,0.61,0.76,3.4
,,,,0.6,0.1198,14.69,0.7,0.82,2.67
,,,,0.45,0.0998,17.98,0.82,0.58,2.27
Polymeric,TEM: 113.72; HD: 123.1,-10.4,100 mm3 = 0.1 cm3,0.32,,,,,
,,,,0.4,0.0691,6.54,0.53,0.26,3
,,,,0.32,0.1295,5.21,0.33,0.1,1.53
Polymeric,TEM: 121.15; HD: 128.8,-22.7,100 mm3 = 0.1 cm3,0.28,,,,,
,,,,0.26,0.0518,6.45,0.5,0.3,3.17
,,,,0.21,0.1727,5.21,0.35,0.18,1.47
Liposome,HD: 57.8,-65.12,,0.03,,,,,
,,,,0.04,,,,,
,,,,0.02,,,,,
"Iridium/
HMON, PEG",TEM: 65; HD: 105.185,-8.421,70 mm3 = 0.07 cm3,0.41,0.1181,13.9,0.86,0.44,1.8
,,,,0.62,0.4051,22.98,0.61,0.59,3.49
,,,,0.81,0.27,30.21,0.38,0.69,5.24
,,,,0.35,0.135,10.38,0.17,0.37,1.97
Ruthenium,TEM: 94; HD: 102,,65-70 mm3,8.99,1.655,37.6,10.17,8.75,27.91
,,,,21.05,2.128,43.75,6.39,4.97,18.68
,,,,14.19,3.311,36.42,13.48,8.51,16.55
Polymeric,HD: 144.13,-33.82,500 mm3 = 0.5 cm3,0.86,0.3298,6.39,0.73,0.23,1.17
,,,,0.93,0.1468,20.35,0.72,0.7,0.49
,,,,0.19,0.0176,6.38,0.2,0.09,0.1
,,,,0,0,1.86,0.08,0.04,0
Polymeric,HD: 159.44,-37.97,500 mm3 = 0.5 cm3,0.24,0.0145,0.69,0.11,0.05,0.23
,,,,0.61,0.0228,0.65,0.09,0.11,0.12
,,,,0.32,0.0044,0.14,0.01,0.01,0.03
,,,,0.26,0,0.09,0.03,0,0
Other,TEM: 160; HD: 169.9,-17.3,75 mm3 = 0.075 cm3,5.19,1.3998,361.2,5.88,11.24,21.04
,,,,23.64,0.8478,232.73,5.34,28.06,30.21
,,,,5.24,1.1305,127.22,4.85,11.76,17.93
,,,,3.79,1.1557,98.98,3.32,6.07,17.37
,,,,2.08,0.4199,48.42,1.62,2.76,8.88
,,,,1.14,0.1696,22.03,1.15,0.45,5
"Zinc, Copper",TEM: 95; HD: 97.8,0.137,100 mm3 = 0.1 cm3,2.5,0.7826,47.98,2.88,1.52,2.18
,,,,4.54,0.8478,86.65,4.57,2.67,2.83
,,,,7.51,0.9782,163.98,5.48,3.05,5.88
,,,,10.72,1.0435,151.09,3.2,2.86,4.14
,,,,4.07,0.4565,70.89,1.78,2.76,1.96
,,,,3.05,0.3913,65.88,0.96,1.62,0.87
Palladium,TEM: 5; HD: 22,-10.6,100 mm3 = 0.1 cm3,0.98,0.2093,9.19,0.89,0.8,2.25
,,,,1.06,0.093,12,0.99,0.37,0.82
,,,,0.95,0.1395,3.32,0.36,0.36,0.78
,,,,0.6,0.1395,2.94,0.14,0.29,0.58
Polymeric,TEM: 81.4; HD: 187,7.9,100 mm3 = 0.1 cm3,2.17,0.9591,9.55,0.36,2.18,0.52
,,,,5.22,0.7361,5.39,0.48,0.85,0.82
,,,,3.29,0.6692,14.45,0.14,0.94,0.15
Manganese,TEM: 35; HD: 41,,62.5 mm3 = 0.0625 cm3,0.71,0.1176,25.06,0.61,0.82,2.28
,,,,0.37,0.0941,4.39,0.07,0.38,1.41
,,,,0.21,0.0235,0.78,0.02,0.17,0.47
Ruthenium,HD: 130,9.5,200 mm3 = 0.2 cm3,2.68,0.5932,30.33,0.62,0.77,1.98
,,,,1.71,0.3729,45.97,0.52,1.11,1.42
,,,,1.06,0.2542,38.52,0.4,0.82,2.66
Gold,HD: 34.86,-21.3,100 mm3 = 0.1 cm3,0.49,,10.98,0.6,0.26,1.47
,,,,0.64,,13.56,1.01,0.86,2.65
,,,,0.42,,16.79,1.07,0.39,1.77
,,,,0.53,,17.12,1.32,0.47,1.67
Gold,HD: 34.86,-21.3,100 mm3 = 0.1 cm3,2.94,,10.98,0.98,0.29,2.51
,,,,3.24,,17.02,1.02,0.51,2.67
,,,,3.18,,18.67,1.19,0.29,2
,,,,3.36,,15.92,1.23,0.37,1.67
Gold,HD: 34.86,-21.3,100 mm3 = 0.1 cm3,0.41,,18.21,0.92,,
,,,,0.41,,18.21,1.25,,
,,,,0.29,,15.53,0.92,,
Other,HD: 118.3,-26.71,50-150 mm3,0.0041,0.0066,0.09,0.005,0.01,0.03
,,,,0.01,0.0071,0.11,0.01,0.01,0.03
,,,,0.01,0.0057,0.09,0.01,0.01,0.03
,,,,0.01,0.0045,0.08,0,0.01,0.03
,,,,0.0041,0.0024,0.04,0.0026,0.01,0.01
,,,,0.0021,0.0017,0.04,0.0018,0.0034,0.01
Other,HD: 128.2,-21.42,50-150 mm3,0.01,0.0058,0.08,0,0.01,0.02
,,,,0.01,0.0065,0.09,0.01,0.01,0.03
,,,,0.02,0.005,0.08,0.01,0.01,0.03
,,,,0.03,0.0038,0.07,0,0.01,0.03
,,,,0.02,0.0024,0.05,0,0.01,0.01
,,,,0.01,0.0019,0.03,0,0,0.01
Gold,TEM: 10.3; HD: 20.3,-17.6,100 mm3 = 0.1 cm3,1.55,0.9713,10.13,0.48,1.13,2.6
,,,,1.79,0.7284,10.13,0.92,1.49,3.08
,,,,2.41,0.777,17.59,1.12,1.56,3.41
,,,,2.02,0.6798,26.13,1.6,1.13,3.89
,,,,1.63,0.5342,11.73,0.92,1.06,1.95
Other-protein,TEM: 65; HD: 87,,500 mm3 = 0.5 cm3,2.32,0.9161,34.7,0.77,1.32,2.09
,,,,2.7,0.5598,23.96,0.89,0.91,1.48
,,,,3.17,0.4241,12.39,0.51,0.49,1.05
,,,,2.35,0.1527,10.33,0.26,0.22,0.76
,,,,1.16,0.1188,7.85,0.13,0.19,0.43
Liposome,TEM: 105; HD: 105,-37.864,500 mm3 = 0.5 cm3,0.12,0.0349,0.67,0.05,0.02,0.06
,,,,0.1,0.0262,0.92,0.09,0.02,0.06
,,,,0.13,0.0349,1.57,0.17,0.04,0.12
,,,,0.18,0.0262,1.65,0.22,0.03,0.08
,,,,0.2,0.0279,1.15,0.12,0.03,0.13
,,,,0.1,0.0279,0.19,0.03,0.02,0.05
Polymeric,TEM: 114.7,-23.9,50 mm3 = 0.05 cm3,0.15,0.1709,3.54,0.19,0.38,0.62
,,,,0.08,0.1172,1.46,0.12,0.21,0.48
,,,,0.02,0,0.55,0.02,0,0.11
Polymeric,TEM: 122.5,-14.1,50 mm3 = 0.05 cm3,0.23,0.1368,3.75,0.24,0.36,0.55
,,,,0.12,0.0977,1.54,0.11,0.21,0.44
,,,,0.01,0,0.76,0.04,0.06,0.06
Dendrimer,HD: 80.85,-9.03,1000 mm3 = 1 cm3,7.74,0.1481,18.37,0.29,2,1.89
,,,,7.84,0.122,19.23,0.37,1.49,2.09
,,,,8.99,0.1045,16.07,0.5,1.67,1.6
,,,,6.48,0.061,15.02,0.41,1.27,1.28
,,,,6.27,0.061,13.87,0.34,0.95,1.22
,,,,5.65,0.0523,11.57,0.21,0.74,1.02
,,,,3.66,0.061,10.23,0.13,0.52,0.87
,,,,2.82,0.061,5.17,0.07,0.43,0.58
,,,,1.57,0.0348,2.39,0.05,0.41,0.32
Polymeric,TEM: 13.231; HD: 13,-0.7,300 mm3 = 0.3 cm3,1.08,0.1852,17.79,0.63,0.54,1.39
,,,,0.46,0.022,2.6,0.21,0.08,0.15
,,,,0.33,0.0138,0.94,0.14,0.05,0.06
Polymeric,TEM: 21.444; HD: 22.1,-0.8,300 mm3 = 0.3 cm3,0.83,0.2546,12.96,0.19,0.61,1.39
,,,,0.32,0.0165,3.87,0.03,0.06,0.11
,,,,0.19,0.0028,0.24,0.01,0.02,0.08
Polymeric,TEM: 56.333; HD: 48.6,-0.11,300 mm3 = 0.3 cm3,0.83,0.2083,13.47,0.15,0.54,1.31
,,,,0.3,0.0495,4.59,0.07,0.25,0.35
,,,,0.28,0.0028,0.73,0.01,0.09,0.06
"Cu, Manganese, Si",TEM: 47.6; HD: 69.744,-12.9,80 mm3 = 0.08 cm3,0.68,0.356,17.02,0.25,1.31,1.4
,,,,1.49,0.4817,23.68,0.35,1.96,2.1
,,,,2.33,0.5864,33.8,0.63,2.66,3.5
,,,,1.67,0.4607,19.55,0.54,1.83,2.45
Other,HD: 159.8,-10.98,100 mm3 = 0.1 cm3,5.84,0.2226,16.2,1.11,0.89,1.77
,,,,4.4,0.1127,10.53,0.73,0.45,0.94
,,,,3.36,0,6.15,0.45,0.04,0.89
Other,HD: 161.8,-10.76,100 mm3 = 0.1 cm3,10.69,0.3061,11.15,0.85,0.77,1.02
,,,,12.52,0.0987,9.6,0.62,0.37,0.99
,,,,10.59,0,4.92,0.43,0.04,0.61
"Manganese, Iron/
Other",HD: 100,-13.902,540-610 mm3,10.07,,,,,
,,,,10.15,,,,,
,,,,10.3,,,,,
,,,,7.4,,,,,
,,,,12.13,,,,,
,,,,10.76,,,,,
Polymeric,HD: 20,-0.3,100 mm3 = 0.1 cm3,1.42,,,,,
,,,,0.86,,,,,
,,,,0.08,,,,,
,,,,0.02,,,,,
Other,TEM: 160; HD: 169.1,-17.2,75 mm3 = 0.075 cm3,3.75,0.7076,326.29,3.47,8.26,18.91
,,,,8.02,8.1309,113.9,6.87,13.92,50.57
,,,,3.27,1.2617,110.83,4.42,5.94,20.6
,,,,1.75,0.7076,94.52,2.81,3.1,18.91
,,,,0.74,0.3505,48.49,1.96,1.02,6.79
,,,,0.63,0.1981,24.24,0.97,0.29,5.2
Polymeric,HD: 230,,100 mm3 = 0.1 cm3,0.01,,0.17,1.08,0.03,0.07
,,,,9e-4,,0.05,0.28,0.01,0.0033
,,,,5e-4,,0.02,0.12,0.0018,5e-4
,,,,1e-4,,0.03,0.34,0.001,4e-4
